<?xml version="1.0" standalone="no"?>
<!--
$Id: //depot/idl/IDL_71/idldir/help/idlithelp.xml#1 $
   Copyright (c) 2003-2009, ITT Visual Information Solutions. All
   rights reserved. Unauthorized reproduction is prohibited.
-->

<!--
   xmlns is the namespace for this XML file.
   xmlns:xsi is the XMLSchema namespace containing the
       xsi:schemaLocation attribute.
   xsi:schemaLocation states that the namespace is defined by
       the given schema document.
-->
<Help xmlns="http://www.ittvis.com"
     xmlns:xsi="http://www.w3.org/2001/XMLSchema-instance"
     xsi:schemaLocation="http://www.ittvis.com itools.xsd">

<!-- Sample topic:

Note: all tags are case sensitive.

<Topic>
   <Keyword>Keyword1</Keyword>   (All Keywords must appear before Links)
   <Keyword>Keyword2</Keyword>
   ...
   <Link type="TYPEA">LinkA</Link>  (type is a required attribute)
   <Link type="TYPEB">LinkB</Link>
   ...
</Topic>

Example:

<Topic>
   <Keyword>IDLitVisSurface</Keyword>
   <Link type="IDLHELP">IDE_MOTIF</Link>
   <Link type="MSHTMLHELP">12345</Link>
   <Link type="PDF" book="mybook.pdf">VisSurface</Link>
   <Link type="HTML">VisSurface.html</Link>
   <Link type="TEXT">VisSurface.txt</Link>
</Topic>

-->


<!--    All keywords which have their own topic go here.    -->

<Topic>
   <Keyword>IT_ABOUT</Keyword>
   <Keyword>idlitophelpitools</Keyword>
   <Link type="IDLHELP">Introducing_the_IDL_iTools</Link>
</Topic>

<Topic>
   <Keyword>iToolsExportWizard</Keyword>
   <Link type="IDLHELP">IT_DATA_EXPORT</Link>
</Topic>

<Topic>
   <Keyword>iToolsImportWizard</Keyword>
   <Link type="IDLHELP">IT_DATA_WIZ</Link>
</Topic>

<Topic>
   <Keyword>iToolsUnknownData</Keyword>
   <Keyword>iToolsGridWizard</Keyword>
   <Link type="IDLHELP">IT_DATA_UNKNOWN</Link>
</Topic>


<!--    List of all IDLit* classes -->

<Topic>
   <Keyword>idlitgeneralsettings</Keyword>
   <Link type="IDLHELP">ITOOL_PREFS_BROWSER</Link>
</Topic>

<Topic>
   <Keyword>idlitophelpdatamanager</Keyword>
   <Keyword>idlitopbrowserdata</Keyword>
   <Link type="IDLHELP">IT_DATAMANAGER</Link>
</Topic>

<Topic>
   <Keyword>idlitopinsertvis</Keyword>
   <Link type="IDLHELP">IT_INSERT_VIZ</Link>
</Topic>

<Topic>
   <Keyword>idlitopbrowseroperation</Keyword>
   <Link type="IDLHELP">ITOOL_OPS_BROWSER</Link>
</Topic>


<Topic>
   <Keyword>idlitopeditparameters</Keyword>
   <Keyword>idlitophelpparameditor</Keyword>
   <Link type="IDLHELP">IT_PARAM_EDIT</Link>
</Topic>

<Topic>
   <Keyword>idlitopfilterroberts</Keyword>
   <Keyword>idlitopfiltersobel</Keyword>
   <Keyword>idlitopmedianfilter</Keyword>
   <Keyword>idlitopsmooth</Keyword>
   <Keyword>idlitopconvolution</Keyword>
   <Keyword>idlitopcurvefitting</Keyword>
   <Keyword>idlitopunsharpmask</Keyword>
   <Link type="IDLHELP">IT_OPS_FILTERS</Link>
</Topic>

<Topic>
   <Keyword>idlitophistogram</Keyword>
   <Link type="IDLHELP">IT_OPS_HISTOGRAM</Link>
</Topic>

<Topic>
   <Keyword>idlitopinsertcontour</Keyword>
   <Link type="IDLHELP">IT_OPS_CONTOUR</Link>
</Topic>

<Topic>
   <Keyword>idlitopimageplaneiimage</Keyword>
   <Link type="IDLHELP">IT_OPS_IMAGEPLANE</Link>
</Topic>

<Topic>
   <Keyword>idlitopinsertimage</Keyword>
   <Link type="IDLHELP">IT_OPS_IMAGE</Link>
</Topic>

<Topic>
   <Keyword>idlitopvectorstreamline</Keyword>
   <Keyword>idlitopvectorcontour</Keyword>
   <Link type="IDLHELP">IT_OPS_VECTOR</Link>
</Topic>

<Topic>
   <Keyword>idlitopinsertimageplane</Keyword>
   <Keyword>idlitopisosurface</Keyword>
   <Keyword>idlitopintvol</Keyword>
   <Link type="IDLHELP">IT_OPS_VOLUME</Link>
</Topic>

<Topic>
   <Keyword>idlitopinsertsurface</Keyword>
   <Link type="IDLHELP">IT_OPS_SURFACE</Link>
</Topic>

<Topic>
   <Keyword>idlitopmorph</Keyword>
   <Keyword>idlitopmorphclose</Keyword>
   <Keyword>idlitopmorphdilate</Keyword>
   <Keyword>idlitopmorpherode</Keyword>
   <Keyword>idlitopmorphgradient</Keyword>
   <Keyword>idlitopmorphopen</Keyword>
   <Keyword>idlitopmorphtophat</Keyword>
   <Link type="IDLHELP">IT_OPS_MORPH</Link>
</Topic>

<Topic>
   <Keyword>idlitopregiongrow</Keyword>
   <Link type="IDLHELP">IT_OPS_REGIONGROW</Link>
</Topic>

<Topic>
   <Keyword>idlitopresample</Keyword>
   <Keyword>idlitoprotatedata</Keyword>
   <Keyword>idlitopinvert</Keyword>
   <Keyword>idlitopbytscl</Keyword>
   <Keyword>idlitopscalefactor</Keyword>
   <Link type="IDLHELP">IT_OPS_TRANSFORM</Link>
</Topic>

<Topic>
   <Keyword>idlitoprotateangle</Keyword>
   <Keyword>idlitoprotatebyangle</Keyword>
   <Keyword>idlitoprotateleft</Keyword>
   <Keyword>idlitoprotateright</Keyword>
   <Keyword>idlitopfliphorizontal</Keyword>
   <Keyword>idlitopflipvertical</Keyword>
   <Link type="IDLHELP">IT_OPS_ROTATE</Link>
</Topic>

<Topic>
   <Keyword>idlitopstatistics</Keyword>
   <Link type="IDLHELP">IT_OPS_STATS</Link>
</Topic>

<Topic>
   <Keyword>idlitreadascii</Keyword>
   <Keyword>idlitreadbinary</Keyword>
   <Keyword>idlitreadbmp</Keyword>
   <Keyword>idlitreaddicom</Keyword>
   <Keyword>idlitreader</Keyword>
   <Keyword>idlitreadisv</Keyword>
   <Keyword>idlitreadjpeg</Keyword>
   <Keyword>idlitreadpict</Keyword>
   <Keyword>idlitreadpng</Keyword>
   <Keyword>idlitreadtiff</Keyword>
   <Keyword>idlitreadwav</Keyword>
   <Keyword>idlitreadjpeg2000</Keyword>
   <Keyword>idlitreadshapefile</Keyword>
   <Link type="IDLHELP">ITOOL_PREFS_FILEREAD</Link>
</Topic>

<Topic>
   <Keyword>idlitopmacrorecordstart</Keyword>
   <Keyword>idlitopmacrorecordstop</Keyword>
   <Link type="IDLHELP">ITOOL_MACRO_REC</Link>
</Topic>

<Topic>
   <Keyword>idlitoprunmacro</Keyword>
   <Keyword>iToolsRunMacro</Keyword>
   <Link type="IDLHELP">ITOOL_MACRO_RUN</Link>
</Topic>

<Topic>
   <Keyword>iToolsMacroEditor</Keyword>
   <Keyword>idlitopmacroeditor</Keyword>
   <Link type="IDLHELP">ITOOL_MACRO_EDIT</Link>
</Topic>

<Topic>
   <Keyword>idlitopstylecreate</Keyword>
   <Keyword>iToolsCreateStyle</Keyword>
   <Link type="IDLHELP">ITOOL_STYLE_CREATE</Link>
</Topic>

<Topic>
   <Keyword>idlitopstyleapply</Keyword>
   <Keyword>iToolsApplyStyle</Keyword>
   <Link type="IDLHELP">ITOOL_STYLE_APPLY</Link>
</Topic>

<Topic>
   <Keyword>iToolsStyleEditor</Keyword>
   <Keyword>idlitopstyleeditor</Keyword>
   <Link type="IDLHELP">ITOOL_STYLE_EDIT</Link>
</Topic>

<Topic>
   <Keyword>idlittoolcontour</Keyword>
   <Link type="IDLHELP">Working_with_Contours</Link>
</Topic>

<Topic>
   <Keyword>idlittoolimage</Keyword>
   <Link type="IDLHELP">Working_with_Images</Link>
</Topic>

<Topic>
   <Keyword>idlitopcropimage</Keyword>
   <Keyword>idlitopcropimagegrid</Keyword>
   <Link type="IDLHELP">IIMAGE_OPS</Link>
</Topic>

<Topic>
   <Keyword>idlittoolplot</Keyword>
   <Link type="IDLHELP">Working_with_Plots</Link>
</Topic>

<Topic>
   <Keyword>idlittoolsurface</Keyword>
   <Link type="IDLHELP">Working_with_Surfaces</Link>
</Topic>

<Topic>
   <Keyword>idlittoolvolume</Keyword>
   <Link type="IDLHELP">Working_with_Volumes</Link>
</Topic>

<Topic>
   <Keyword>idlittoolmap</Keyword>
   <Link type="IDLHELP">Working_with_Maps</Link>
</Topic>

<Topic>
   <Keyword>idlittoolvector</Keyword>
   <Link type="IDLHELP">Working_with_Vectors</Link>
</Topic>

<Topic>
   <Keyword>idlitvismapprojection</Keyword>
   <Keyword>idlitopmapprojection</Keyword>
   <Link type="IDLHELP">IT_MAP_PROJ</Link>
</Topic>

<Topic>
   <Keyword>iToolsMapRegisterImage</Keyword>
   <Keyword>idlitopmapregisterimage</Keyword>
   <Link type="IDLHELP">IT_MAP_REG_IMAGE</Link>
</Topic>

<Topic>
   <Keyword>idlitvismapgrid</Keyword>
   <Keyword>idlitvismapgridline</Keyword>
   <Link type="IDLHELP">IT_VISMAP_PROPS</Link>
</Topic>

<Topic>
   <Keyword>idlitvisshapepolygon</Keyword>
   <Link type="IDLHELP">IT_VISSHPOLYGON_PROPS</Link>
</Topic>

<Topic>
   <Keyword>idlitvisshapepolyline</Keyword>
   <Link type="IDLHELP">IT_VISSHPOLYLINE_PROPS</Link>
</Topic>

<Topic>
   <Keyword>idlitvisshapepoint</Keyword>
   <Link type="IDLHELP">IT_VISSHPOINT_PROPS</Link>
</Topic>

<Topic>
   <Keyword>idlitvisstreamline</Keyword>
   <Link type="IDLHELP">IT_VISSTREAMLINE_PROPS</Link>
</Topic>

<Topic>
   <Keyword>idlitvisaxis</Keyword>
   <Keyword>idlitvisaxisdual</Keyword>
   <Keyword>idlitvisdataaxes</Keyword>
   <Link type="IDLHELP">IT_VISAXES_PROPS</Link>
</Topic>

<Topic>
   <Keyword>idlitviscolorbar</Keyword>
   <Link type="IDLHELP">IT_VISCOLORBAR_PROPS</Link>
</Topic>

<Topic>
   <Keyword>idlitviscontour</Keyword>
   <Keyword>idlitviscontourlevel</Keyword>
   <Link type="IDLHELP">IT_VISCONTOUR_PROPS</Link>
</Topic>

<Topic>
   <Keyword>idlitvisdataspace</Keyword>
   <Keyword>idlitvisnormdataspace</Keyword>
   <Link type="IDLHELP">IT_DATASPACE_PROPS</Link>
</Topic>

<Topic>
   <Keyword>idlitvishistogram</Keyword>
   <Link type="IDLHELP">IT_VISHISTOGRAM_PROPS</Link>
</Topic>

<Topic>
   <Keyword>idlitvisimage</Keyword>
   <Link type="IDLHELP">IT_VISIMAGE_PROPS</Link>
</Topic>

<Topic>
   <Keyword>idlitvisimageplane</Keyword>
   <Link type="IDLHELP">IT_VISIMAGEPLANE_PROPS</Link>
</Topic>

<Topic>
   <Keyword>idlitvisintvol</Keyword>
   <Link type="IDLHELP">IT_VISINTERVALVOL_PROPS</Link>
</Topic>

<Topic>
   <Keyword>idlitvisisosurface</Keyword>
   <Link type="IDLHELP">IT_VISISOSURFACE_PROPS</Link>
</Topic>

<!--
The following items all subclass idlitvislegenditem
-->
<Topic>
   <Keyword>idlitvislegend</Keyword>
   <Link type="IDLHELP">IT_LEGEND_PROPS</Link>
</Topic>

<Topic>
   <Keyword>idlitvislegendcontouritem</Keyword>
   <Link type="IDLHELP">IT_LEGEND_CONTOUR</Link>
</Topic>

<Topic>
   <Keyword>idlitvislegendcontourlevelitem</Keyword>
   <Link type="IDLHELP">IT_LEGEND_CONTOUR_LEVEL</Link>
</Topic>

<Topic>
   <Keyword>idlitvislegendplotitem</Keyword>
   <Link type="IDLHELP">IT_LEGEND_PLOT</Link>
</Topic>

<Topic>
   <Keyword>idlitvislegendsurfaceitem</Keyword>
   <Link type="IDLHELP">IT_LEGEND_SURFACE</Link>
</Topic>

<Topic>
   <Keyword>idlitvislight</Keyword>
   <Link type="IDLHELP">IT_VISLIGHT_PROPS</Link>
</Topic>

<Topic>
   <Keyword>idlitvisplot</Keyword>
   <Link type="IDLHELP">IT_VISPLOT_PROPS</Link>
</Topic>

<Topic>
   <Keyword>idlitvisplot3d</Keyword>
   <Link type="IDLHELP">IT_VISPLOT3D_PROPS</Link>
</Topic>

<Topic>
   <Keyword>idlitvislineprofile</Keyword>
   <Keyword>idlitvisplotprofile</Keyword>
   <Keyword>idlitopplotprofile</Keyword>
   <Keyword>idlitoplineprofile</Keyword>
   <Link type="IDLHELP">IT_LINEPROFILE_PROPS</Link>
</Topic>

<Topic>
   <Keyword>idlitvispolygon</Keyword>
   <Keyword>idlitannotatepolygon</Keyword>
   <Link type="IDLHELP">IT_2DPOLYGON_PROPS</Link>
</Topic>

<Topic>
   <Keyword>idlitvispolyline</Keyword>
   <Keyword>idlitannotateline</Keyword>
   <Link type="IDLHELP">IT_2DLINE_PROPS</Link>
</Topic>

<Topic>
   <Keyword>idlitvisroi</Keyword>
   <Link type="IDLHELP">IT_VISPOLYROI_PROPS</Link>
</Topic>

<Topic>
   <Keyword>idlitannotatefreehand</Keyword>
   <Link type="IDLHELP">IT_2DFREEHAND_PROPS</Link>
</Topic>

<Topic>
   <Keyword>idlitannotateoval</Keyword>
   <Link type="IDLHELP">IT_2DOVAL_PROPS</Link>
</Topic>

<Topic>
   <Keyword>idlitannotaterectangle</Keyword>
   <Link type="IDLHELP">IT_2DRECT_PROPS</Link>
</Topic>

<Topic>
   <Keyword>idlitvissurface</Keyword>
   <Link type="IDLHELP">IT_VISSURFACE_PROPS</Link>
</Topic>

<Topic>
   <Keyword>idlitvistext</Keyword>
   <Keyword>idlitannotatetext</Keyword>
   <Link type="IDLHELP">IT_2DTEXT_PROPS</Link>
</Topic>

<Topic>
   <Keyword>idlitvisvector</Keyword>
   <Link type="IDLHELP">IT_VISVECTOR_PROPS</Link>
</Topic>

<Topic>
   <Keyword>idlitvisvolume</Keyword>
   <Link type="IDLHELP">IT_VISVOLUME_PROPS</Link>
</Topic>

<Topic>
   <Keyword>idlitvisgrobject</Keyword>
   <Link type="IDLHELP">IT_VISGROBJ_PROPS</Link>
</Topic>

<Topic>
   <Keyword>idlitwriteascii</Keyword>
   <Keyword>idlitwritebinary</Keyword>
   <Keyword>idlitwritebmp</Keyword>
   <Keyword>idlitwriteisv</Keyword>
   <Keyword>idlitwritejpeg</Keyword>
   <Keyword>idlitwritepict</Keyword>
   <Keyword>idlitwritepng</Keyword>
   <Keyword>idlitwriter</Keyword>
   <Keyword>idlitwritetiff</Keyword>
   <Keyword>idlitwriteemf</Keyword>
   <Keyword>idlitwriteeps</Keyword>
   <Keyword>idlitwritejpeg2000</Keyword>
   <Link type="IDLHELP">ITOOL_PREFS_FILEWRITE</Link>
</Topic>

<Topic>
   <Keyword>idlitgrwinscene</Keyword>
   <Link type="IDLHELP">IT_WINDOW_PROPS</Link>
</Topic>

<Topic>
   <Keyword>idlitgrview</Keyword>
   <Link type="IDLHELP">IT_VIEW_PROPS</Link>
</Topic>

<Topic>
   <Keyword>idlitgrlayer</Keyword>
   <Link type="IDLHELP">IT_VISLAYER_PROPS</Link>
</Topic>

<Topic>
   <Keyword>idlitgrannotatelayer</Keyword>
   <Link type="IDLHELP">IT_2DANNOT_PROPS</Link>
</Topic>


<!--
The following keywords do not have individual help
topics associated with them. There should be no way
to select help for these items, but just in case, all
of them will open the Intro page of the iTool User's
Guide.
-->

<Topic>
   <Keyword>idlitbuffersettings</Keyword>
   <Keyword>idlitclipboarditem</Keyword>
   <Keyword>idlitcommand</Keyword>
   <Keyword>idlitcommandbuffer</Keyword>
   <Keyword>idlitcommandset</Keyword>
   <Keyword>idlitcontainer</Keyword>
   <Keyword>idlitdata</Keyword>
   <Keyword>idlitdatacontainer</Keyword>
   <Keyword>idlitdataidlarray2d</Keyword>
   <Keyword>idlitdataidlarray3d</Keyword>
   <Keyword>idlitdataidlimage</Keyword>
   <Keyword>idlitdataidlimagepixels</Keyword>
   <Keyword>idlitdataidlpalette</Keyword>
   <Keyword>idlitdataidlpolyvertex</Keyword>
   <Keyword>idlitdataidlvector</Keyword>
   <Keyword>idlitdatamanagerfolder</Keyword>
   <Keyword>idlitdataoperation</Keyword>
   <Keyword>idliterror</Keyword>
   <Keyword>idlitfont</Keyword>
   <Keyword>idlitgrannotatelayer</Keyword>
   <Keyword>idlitgrlayer</Keyword>
   <Keyword>idlitgrscene</Keyword>
   <Keyword>idlitgrview</Keyword>
   <Keyword>idlitgrworld</Keyword>
   <Keyword>idlitimessaging</Keyword>
   <Keyword>idlitjournaling</Keyword>
   <Keyword>idlitlayout</Keyword>
   <Keyword>idlitlayoutfreeform</Keyword>
   <Keyword>idlitlayoutgrid</Keyword>
   <Keyword>idlitlayoutinset</Keyword>
   <Keyword>idlitlayouttrio</Keyword>
   <Keyword>idlitlog</Keyword>
   <Keyword>idlitmanipannotation</Keyword>
   <Keyword>idlitmaniparrow</Keyword>
   <Keyword>idlitmaniplegendadd</Keyword>
   <Keyword>idlitmanipline</Keyword>
   <Keyword>idlitmaniplineprofile</Keyword>
   <Keyword>idlitmanippan</Keyword>
   <Keyword>idlitmaniprange</Keyword>
   <Keyword>idlitmaniprangebox</Keyword>
   <Keyword>idlitmaniprangepan</Keyword>
   <Keyword>idlitmaniprangezoom</Keyword>
   <Keyword>idlitmaniproi</Keyword>
   <Keyword>idlitmaniproifree</Keyword>
   <Keyword>idlitmaniproioval</Keyword>
   <Keyword>idlitmaniproipoly</Keyword>
   <Keyword>idlitmaniproirect</Keyword>
   <Keyword>idlitmaniprotate</Keyword>
   <Keyword>idlitmaniprotate3d</Keyword>
   <Keyword>idlitmaniprotatex</Keyword>
   <Keyword>idlitmaniprotatey</Keyword>
   <Keyword>idlitmaniprotatez</Keyword>
   <Keyword>idlitmanipscale</Keyword>
   <Keyword>idlitmanipselectbox</Keyword>
   <Keyword>idlitmanipsurfcontour</Keyword>
   <Keyword>idlitmaniptoolbar</Keyword>
   <Keyword>idlitmaniptranslate</Keyword>
   <Keyword>idlitmanipulator</Keyword>
   <Keyword>idlitmanipulatorcontainer</Keyword>
   <Keyword>idlitmanipulatormanager</Keyword>
   <Keyword>idlitmanipulatorvisual</Keyword>
   <Keyword>idlitmanipview</Keyword>
   <Keyword>idlitmanipviewzoom</Keyword>
   <Keyword>idlitmanipviscube</Keyword>
   <Keyword>idlitmanipvisrange</Keyword>
   <Keyword>idlitmanipvisrangepan</Keyword>
   <Keyword>idlitmanipvisrangezoom</Keyword>
   <Keyword>idlitmanipvisrotate</Keyword>
   <Keyword>idlitmanipvisrotate2d</Keyword>
   <Keyword>idlitmanipvisrotateaxis</Keyword>
   <Keyword>idlitmanipvisscale</Keyword>
   <Keyword>idlitmanipvisscale2d</Keyword>
   <Keyword>idlitmanipvisscale3d</Keyword>
   <Keyword>idlitmanipvisselect</Keyword>
   <Keyword>idlitmanipvisselectbox</Keyword>
   <Keyword>idlitmanipvissphere</Keyword>
   <Keyword>idlitmanipvisvertex</Keyword>
   <Keyword>idlitmanipvisview</Keyword>
   <Keyword>idlitmanipcropbox</Keyword>
   <Keyword>idlitmanipimageplane</Keyword>
   <Keyword>idlitmaniplegendadd</Keyword>
   <Keyword>idlitmanippan</Keyword>
   <Keyword>idlitmanipviewpan</Keyword>
   <Keyword>idlitmanipviscube</Keyword>
   <Keyword>idlitmanipvisimageplane</Keyword>
   <Keyword>idlitmessage</Keyword>
   <Keyword>idlitmsgprogress</Keyword>
   <Keyword>idlitnotifier</Keyword>
   <Keyword>idlitobjdesc</Keyword>
   <Keyword>idlitobjdescproxy</Keyword>
   <Keyword>idlitobjdescroi</Keyword>
   <Keyword>idlitobjdesctool</Keyword>
   <Keyword>idlitobjdescvis</Keyword>
   <Keyword>idlitobjdescmacro</Keyword>
   <Keyword>idlitopannotation</Keyword>
   <Keyword>idlitopbringforward</Keyword>
   <Keyword>idlitopbringtofront</Keyword>
   <Keyword>idlitopbrowsermanip</Keyword>
   <Keyword>idlitopbrowserprefs</Keyword>
   <Keyword>idlitopbrowsertool</Keyword>
   <Keyword>idlitopbrowservis</Keyword>
   <Keyword>idlitopcanvaszoom</Keyword>
   <Keyword>idlitopclexport</Keyword>
   <Keyword>idlitopclipcopy</Keyword>
   <Keyword>idlitopclipcut</Keyword>
   <Keyword>idlitopclippaste</Keyword>
   <Keyword>idlitopclippastespecial</Keyword>
   <Keyword>idlitopdatamanager</Keyword>
   <Keyword>idlitopeditdelete</Keyword>
   <Keyword>idlitopedituserdefproperty</Keyword>
   <Keyword>idlitoperation</Keyword>
   <Keyword>idlitopexportdata</Keyword>
   <Keyword>idlitopfileexit</Keyword>
   <Keyword>idlitopfileopen</Keyword>
   <Keyword>idlitopfileopenimagestack</Keyword>
   <Keyword>idlitopfileprint</Keyword>
   <Keyword>idlitopfilesave</Keyword>
   <Keyword>idlitopfilesaveas</Keyword>
   <Keyword>idlitopfloatingtoolbar</Keyword>
   <Keyword>idlitopgriddata</Keyword>
   <Keyword>idlitopgroup</Keyword>
   <Keyword>idlitopgrouping</Keyword>
   <Keyword>idlitophelpabout</Keyword>
   <Keyword>idlitophelpselection</Keyword>
   <Keyword>idlitophelptool</Keyword>
   <Keyword>idlitopimportdata</Keyword>
   <Keyword>idlitopinsertaxis</Keyword>
   <Keyword>idlitopinsertaxisx</Keyword>
   <Keyword>idlitopinsertaxisy</Keyword>
   <Keyword>idlitopinsertaxisz</Keyword>
   <Keyword>idlitopinsertcolorbar</Keyword>
   <Keyword>idlitopinsertdataspace</Keyword>
   <Keyword>idlitopinsertlegend</Keyword>
   <Keyword>idlitopinsertlegenditem</Keyword>
   <Keyword>idlitopinsertlight</Keyword>
   <Keyword>idlitopinsertmapgrid</Keyword>
   <Keyword>idlitopinsertmapshape</Keyword>
   <Keyword>idlitopinsertview</Keyword>
   <Keyword>idlitopjournalviewer</Keyword>
   <Keyword>idlitopnewcontour</Keyword>
   <Keyword>idlitopnewsurface</Keyword>
   <Keyword>idlitopnewtool</Keyword>
   <Keyword>idlitopnojournalviewer</Keyword>
   <Keyword>idlitoporder</Keyword>
   <Keyword>idlitoppropertysheet</Keyword>
   <Keyword>idlitopredo</Keyword>
   <Keyword>idlitopredo</Keyword>
   <Keyword>idlitoprendervolume</Keyword>
   <Keyword>idlitopscale</Keyword>
   <Keyword>idlitopselectall</Keyword>
   <Keyword>idlitopsendbackward</Keyword>
   <Keyword>idlitopsendtoback</Keyword>
   <Keyword>idlitopsetascurrenttool</Keyword>
   <Keyword>idlitopsetproperty</Keyword>
   <Keyword>idlitopsetxyzrange</Keyword>
   <Keyword>idlitopshutdown</Keyword>
   <Keyword>idlitopsmooth</Keyword>
   <Keyword>idlitopundo</Keyword>
   <Keyword>idlitopungroup</Keyword>
   <Keyword>idlitopunknowndata</Keyword>
   <Keyword>idlitopwindowlayout</Keyword>
   <Keyword>idlitparameter</Keyword>
   <Keyword>idlitparameterset</Keyword>
   <Keyword>idlitprompt</Keyword>
   <Keyword>idlitprompttext</Keyword>
   <Keyword>idlitpropertyaggregate</Keyword>
   <Keyword>idlitpropertybag</Keyword>
   <Keyword>idlitregclass</Keyword>
   <Keyword>idlitregroutine</Keyword>
   <Keyword>idlitselectcontainer</Keyword>
   <Keyword>idlitselectparent</Keyword>
   <Keyword>idlitsrvcommandline</Keyword>
   <Keyword>idlitsrvcopywindow</Keyword>
   <Keyword>idlitsrvcreatedataspace</Keyword>
   <Keyword>idlitsrvcreatevisualization</Keyword>
   <Keyword>idlitsrvdatamanager</Keyword>
   <Keyword>idlitsrvhelp</Keyword>
   <Keyword>idlitsrvprinter</Keyword>
   <Keyword>idlitsrvrasterbuffer</Keyword>
   <Keyword>idlitsrvreadfile</Keyword>
   <Keyword>idlitsrvsetparameter</Keyword>
   <Keyword>idlitsrvsystemclipcopy</Keyword>
   <Keyword>idlitsrvwritefile</Keyword>
   <Keyword>idlitsrvlangcat</Keyword>
   <Keyword>idlitsrvmacros</Keyword>
   <Keyword>idlitsrvstyles</Keyword>
   <Keyword>idlitsymbol</Keyword>
   <Keyword>idlitsystem</Keyword>
   <Keyword>idlittool</Keyword>
   <Keyword>idlittoolbase</Keyword>
   <Keyword>idlitui</Keyword>
   <Keyword>idlituiadaptor</Keyword>
   <Keyword>idlituiconsole</Keyword>
   <Keyword>idlituiservice</Keyword>
   <Keyword>idlitvisbackground</Keyword>
   <Keyword>idlitvisdataaxes</Keyword>
   <Keyword>idlitvisdataspaceroot</Keyword>
   <Keyword>idlitvisgroup</Keyword>
   <Keyword>idlitvislegenditem</Keyword>
   <Keyword>idlitvisidataspace</Keyword>
   <Keyword>idlitvisnormalizer</Keyword>
   <Keyword>idlitvisualization</Keyword>
   <Keyword>idlitoprangereset</Keyword>
   <Keyword>idlitoppixelscale</Keyword>
   <Link type="IDLHELP">Introducing_the_IDL_iTools</Link>
</Topic>

</Help>
