Wl;WR;Fwhm;;;;;
195.94942;1.824985;1;;;;;
196.21844;1.249975;;;;;;
196.48746;-1.40002;;;;;;
196.75647;-1.67499;;;;;;
197.02547;-1.77502;;;;;;
197.29446;0.22498;;;;;;
197.56344;0.149995;;;;;;
197.83242;2.57496;;;;;;
198.10139;-0.84998;;;;;;
198.37035;-0.874975;;;;;;
198.6393;-0.425015;;;;;;
198.90824;1.550015;;;;;;
199.17718;-0.45001;;;;;;
199.44611;-1.625;;;;;;
199.71503;-2.524995;;;;;;
199.98394;-0.20001
200.25285;-4.925015
200.52174;-0.600005
200.79063;13.20001
201.05951;18.300015
201.32838;14.75
201.59725;11.42499
201.86611;13.350005
202.13495;17.149995
202.40379;15.82501
202.67263;16.475005
202.94145;20.574985
203.21027;19.524995
203.47908;19.699985
203.74788;17.050015
204.01667;13.499975
204.28546;15.75
204.55424;15.399995
204.823;13.59998
205.09177;17.04999
205.36052;22.04999
205.62926;17.625025
205.898;16.300015
206.16673;18.475005
206.43545;15.625
206.70417;16.074985
206.97287;15.20001
207.24157;13.699985
207.51026;14.550015
207.77894;14.375
208.04761;22.07501
208.31628;17.39997
208.58494;14.79999
208.85359;17.42499
209.12223;16.824985
209.39086;15.95001
209.65949;16.40002
209.92811;18
210.19672;20.92499
210.46532;22.375025
210.73391;18.649995
211.0025;18.499975
211.27108;19.02497
211.53965;16.125
211.80821;15.875025
212.07676;14.449985
212.34531;15.67499
212.61385;17.899995
212.88238;21.22503
213.1509;19.175015
213.41941;19.5
213.68792;17.5
213.95642;17
214.22491;17.850005
214.49339;16.17499
214.76187;19.774995
215.03033;17.70001
215.29879;16.45001
215.56724;16.95001
215.83568;16.17499
216.10412;19.999975
216.37254;21.25
216.64096;19.375
216.90937;18.475005
217.17777;14.800015
217.44617;13.95001
217.71456;18.25
217.98293;15.250025
218.2513;17.074985
218.51967;17.67499
218.78802;18.65002
219.05637;15.075035
219.32471;16.100005
219.59304;17.300015
219.86136;16.649995
220.12967;20.975005
220.39798;19.124975
220.66628;22.550015
220.93457;17.100005
221.20285;20.100005
221.47113;21.524995
221.73939;15.07501
222.00765;16.000025
222.2759;15.75
222.54414;17.72498
222.81238;15.874975
223.0806;14.675015
223.34882;15.899995
223.61703;19.899995
223.88524;18.324985
224.15343;19.074985
224.42162;16.625
224.68979;14.899995
224.95797;17.47498
225.22613;18.625025
225.49428;20.90002
225.76243;17.32501
226.03057;19.999975
226.2987;21.675015
226.56682;16.449985
226.83493;13.600005
227.10304;15.475005
227.37114;13.199985
227.63923;15.749975
227.90731;16.874975
228.17538;16.024995
228.44345;19.32501
228.71151;21
228.97956;18.47498
229.2476;18.274995
229.51564;21.100005
229.78366;19.64997
230.05168;15.574985
230.31969;10.02502
230.58769;18.449985
230.85569;15.925015
231.12367;14.850005
231.39165;12.199985
231.65962;14.999975
231.92758;17.149995
232.19553;21.725005
232.46348;17.15002
232.73142;18.85003
232.99935;18.32501
233.26727;20.47498
233.53518;20.199985
233.80309;19.55004
234.07099;15.575035
234.33888;15.899995
234.60676;13.425015
234.87463;12.750025
235.1425;14.175015
235.41035;11.22498
235.6782;11.574985
235.94605;16.975005
236.21388;13.77502
236.4817;15.45001
236.74952;22.274995
237.01733;18.874975
237.28513;13.449985
237.55292;17.600005
237.82071;15.75
238.08849;19.524995
238.35626;16.57501
238.62402;20.250025
238.89177;17.5
239.15951;15.850005
239.42725;16.374975
239.69498;18.07501
239.9627;16.950035
240.23041;18.57501
240.49812;19.649995
240.76581;17.45001
241.0335;19.100005
241.30118;19.750025
241.56886;15.22498
241.83652;16.09998
242.10418;19.52502
242.37182;18.899995
242.63946;22.149995
242.9071;21.574985
243.17472;18.125
243.44234;19.725005
243.70995;19.274995
243.97754;20.800015
244.24514;19.574985
244.51272;16.52502
244.7803;17.199985
245.04786;16.374975
245.31542;18.47498
245.58298;20.100005
245.85052;15.84998
246.11805;16.89997
246.38558;17.124975
246.6531;15.95001
246.92061;18.574985
247.18811;20.17499
247.45561;16.749975
247.7231;17.20001
247.99058;19.024995
248.25805;21.5
248.52551;17.324985
248.79296;19.52497
249.06041;19.20001
249.32785;15.574985
249.59528;20.32501
249.8627;20.70001
250.13012;20.97503
250.39752;19.65002
250.66492;23.425015
250.93231;21.22498
251.19969;18.850005
251.46707;16.625
251.73443;17.975005
252.00179;23.60003
252.26914;17.225005
252.53648;19.59998
252.80382;23.824985
253.07114;20.899995
253.33846;16.85003
253.60577;21.75
253.87307;22.45001
254.14036;20.90002
254.40765;16.42499
254.67493;15.67499
254.94219;16.90002
255.20946;20.07501
255.47671;21.5
255.74395;20.550015
256.01119;21.5
256.27842;18.67499
256.54564;16.300015
256.81285;21.95001
257.08005;17.75
257.34725;19.774995
257.61444;23.750025
257.88162;16.875
258.14879;19.27502
258.41595;18.824985
258.68311;21.89997
258.95026;20.874975
259.2174;21.850005
259.48453;19.199985
259.75165;19.29999
260.01877;19.399995
260.28587;16.29999
260.55297;17.225005
260.82006;18.89997
261.08715;17.14997
261.35422;21.40002
261.62129;24.350005
261.88835;22.75
262.1554;20.57501
262.42244;21.97498
262.68947;21.475005
262.9565;19.675015
263.22352;20.274995
263.49053;17.52497
263.75753;18.14997
264.02452;21.049965
264.29151;17.79999
264.55848;21.34998
264.82545;23.824985
265.09241;21.350005
265.35937;21.04999
265.62631;19.67499
265.89325;22.050015
266.16018;19.800015
266.4271;14.77502
266.69401;19.15002
266.96092;19.050015
267.22781;20.300015
267.4947;18
267.76158;18.350005
268.02845;21.574985
268.29532;21.100005
268.56217;22.54999
268.82902;21.10003
269.09586;20.17499
269.36269;20.874975
269.62951;22.92499
269.89633;23.27502
270.16313;15.90002
270.42993;17.850005
270.69672;24.149995
270.96351;24.200035
271.23028;19.774995
271.49705;20.800015
271.7638;16.70001
272.03055;15.124975
272.2973;16.70001
272.56403;15.649995
272.83076;21.27502
273.09747;19.97498
273.36418;19.47498
273.63088;18.79999
273.89758;20.27502
274.16426;20.70001
274.43094;20.000025
274.69761;20.625025
274.96427;20.749975
275.23092;23.399995
275.49756;16.75
275.7642;17.725005
276.03083;19.67499
276.29745;24.04999
276.56406;23.824985
276.83066;24.574985
277.09726;23.34998
277.36385;21.22503
277.63043;21.399995
277.897;20.07501
278.16356;22.27502
278.43011;20.27502
278.69666;20.324985
278.9632;18.824985
279.22973;20.225005
279.49625;24.95001
279.76276;19.899995
280.02927;19.350005
280.29577;23
280.56226;26.22498
280.82874;23.04999
281.09521;23.125
281.36168;26.32501
281.62813;21.350005
281.89458;21.57501
282.16102;25.02497
282.42746;22.5
282.69388;22.65002
282.9603;20.225005
283.2267;18.15002
283.4931;20.15002
283.7595;21.449985
284.02588;21.399995
284.29225;22.47498
284.55862;21.70001
284.82498;25.725005
285.09133;24.875025
285.35767;20.40002
285.62401;19.69996
285.89033;21.02502
286.15665;23.52502
286.42296;23.125
286.68926;21.300015
286.95556;23.825035
287.22184;19.574985
287.48812;17.625025
287.75439;24.050015
288.02065;20.050015
288.2869;21.27502
288.55315;22.22498
288.81938;24.524995
289.08561;21.949985
289.35183;21.40002
289.61804;19.899995
289.88425;20
290.15044;19.225005
290.41663;21.70001
290.68281;19.20001
290.94898;18.47503
291.21514;20.70001
291.4813;21.5
291.74745;23.07501
292.01358;23.149995
292.27971;19.20001
292.54584;19.949985
292.81195;23.725005
293.07806;22.225005
293.34415;24.350005
293.61024;21.22503
293.87632;18.5
294.1424;19.749975
294.40846;20.749975
294.67452;20.97498
294.94057;20.824985
295.20661;23.07501
295.47264;22.125025
295.73866;22.59998
296.00468;29.02502
296.27068;27.600005
296.53668;27.774995
296.80267;28.399995
297.06866;28.475005
297.33463;25.625
297.6006;26.625
297.86656;23.52502
298.13251;20.5
298.39845;25.92499
298.66438;25.300015
298.93031;23.050015
299.19622;24.475005
299.46213;23.550015
299.72803;28.000025
299.99393;26.875
300.25981;24.84998
300.52569;28.04999
300.79156;25.899995
301.05741;26.975005
301.32327;29.024995
301.58911;26.97498
301.85495;29.100005
302.12077;25.249975
302.38659;26
302.6524;25.32501
302.9182;22.42499
303.184;23.47503
303.44978;22.59998
303.71556;27.175015
303.98133;26.17499
304.24709;24.249975
304.51285;25.300015
304.77859;26.149995
305.04433;29.550015
305.31006;28.600005
305.57578;27.82501
305.84149;26.47498
306.10719;26.625
306.37289;27.54999
306.63857;27.024995
306.90425;28.475005
307.16992;28.92499
307.43559;26.649995
307.70124;28.524995
307.96689;26.949985
308.23253;26.5
308.49816;24.22498
308.76378;26.899995
309.02939;28.92499
309.295;26.47503
309.56059;28.375
309.82618;29.725005
310.09176;31.350005
310.35733;29.475005
310.6229;31.54999
310.88845;31.25
311.154;28.475005
311.41954;27.924965
311.68507;31.47498
311.95059;32.199985
312.21611;34.17499
312.48162;27.875
312.74711;30.72498
313.0126;32.59998
313.27809;33.47503
313.54356;34.75
313.80902;33.850005
314.07448;34.699985
314.33993;29.47498
314.60537;33.125
314.8708;33.25
315.13623;31.800015
315.40164;35.699985
315.66705;32.15002
315.93245;33.64997
316.19784;37.725005
316.46322;35.600005
316.7286;36.550015
316.99396;38.09998
317.25932;40.175015
317.52467;40.399995
317.79001;41
318.05535;36.449985
318.32067;35.749975
318.58599;41.225005
318.8513;41.125025
319.1166;39.27497
319.38189;36.149995
319.64717;37.774995
319.91245;37.675015
320.17772;41.625025
320.44298;42.75
320.70823;40.524995
320.97347;43.074985
321.2387;41.125
321.50393;35.925015
321.76915;38.774995
322.03436;40.175015
322.29956;39.125
322.56475;39.60003
322.82994;42.97503
323.09511;43.79999
323.36028;42.34998
323.62544;46.524995
323.89059;45.225005
324.15574;41.45001
324.42087;42.949985
324.686;42.47498
324.95112;42.675015
325.21623;43.899995
325.48133;43.550015
325.74642;45.97498
326.01151;45.42499
326.27659;45.375025
326.54165;46.375025
326.80672;41.35003
327.07177;44.949985
327.33681;45.550015
327.60185;43.29999
327.86688;44.75
328.1319;46.124975
328.39691;47.47498
328.66191;52.175015
328.9269;46.29999
329.19189;48.17499
329.45687;52.07501
329.72184;47.875
329.9868;47.02502
330.25175;50.250025
330.5167;53.700035
330.78163;56.97498
331.04656;57.225005
331.31148;63.57501
331.5764;60.32501
331.8413;63.84998
332.10619;61.100005
332.37108;63.350005
332.63596;65.500025
332.90083;70.350005
333.16569;73.800015
333.43055;78.64997
333.69539;81.80004
333.96023;83.95001
334.22506;80.300015
334.48988;77.574985
334.75469;80.999975
335.0195;80.70001
335.28429;88.249975
335.54908;93.85003
335.81386;96.09998
336.07863;104.375
336.34339;105.95001
336.60815;113.875
336.87289;119.875
337.13763;128.175015
337.40236;137.67499
337.66708;139.999975
337.93179;144.924965
338.1965;150.775
338.46119;159.74999
338.72588;168.05001
338.99056;164.27501
339.25523;171.74999
339.5199;172.49999
339.78455;172.35002
340.0492;177.375
340.31384;188.87498
340.57847;199.47499
340.84309;208.75001
341.1077;209.10002
341.37231;215.09999
341.6369;218.84998
341.90149;221.62501
342.16607;216.72501
342.43064;207.22501
342.69521;204.62502
342.95976;205.57499
343.22431;216.22499
343.48885;239.2
343.75338;253.82501
344.0179;259.70001
344.28241;258.25
344.54692;256.95
344.81141;263.39998
345.0759;272.95002
345.34038;282.99999
345.60485;287.05002
345.86932;280.44999
346.13377;278.35001
346.39822;283.42499
346.66266;294.69998
346.92709;298.87499
347.19151;304.35002
347.45592;307.52498
347.72033;306.52501
347.98473;308.32502
348.24912;317.27501
348.5135;334.09998
348.77787;356.82502
349.04223;367.74998
349.30659;364.29999
349.57093;352.64998
349.83527;343
350.0996;342.925
350.36393;354.075
350.62824;368.40001
350.89254;360.42501
351.15684;351.02498
351.42113;359.35001
351.68541;388.80001
351.94968;410.97502
352.21395;435.10001
352.4782;453.90002
352.74245;459.15
353.00669;478.69999
353.27092;488.52498
353.53514;494.60002
353.79935;504.57502
354.06356;501.17498
354.32776;499.52502
354.59195;500.50001
354.85613;503.02502
355.1203;500.25001
355.38446;489.94999
355.64862;485.72499
355.91276;473.62501
356.1769;479.87502
356.44103;485.59998
356.70516;496.2
356.96927;476.30002
357.23337;470.60001
357.49747;497.57501
357.76156;547.32502
358.02564;608.075
358.28971;648.35001
358.55378;663.925
358.81783;660.22502
359.08188;633.05001
359.34592;597.025
359.60995;583.82502
359.87397;592.45
360.13798;606.62498
360.40199;619.025
360.66598;623.05
360.92997;655.20002
361.19395;693.475
361.45792;720.07498
361.72189;700.89999
361.98584;677.97498
362.24979;684.575
362.51373;720.57498
362.77766;739.42498
363.04158;737.825
363.30549;727.12499
363.5694;745.92502
363.83329;790.34998
364.09718;848.375
364.36106;886.12499
364.62493;894.40002
364.88879;900.40001
365.15265;886.64999
365.41649;873.69999
365.68033;875.125
365.94416;889
366.20798;884.92501
366.4718;861.22499
366.7356;841.82502
366.9994;857.89999
367.26318;871.62499
367.52696;892.37499
367.79073;928.22501
368.0545;955.99999
368.31825;973.82502
368.582;974.47498
368.84573;953.59998
369.10946;913.57498
369.37318;894.75002
369.6369;914.175
369.9006;959.82499
370.16429;978.45
370.42798;943.72501
370.69166;880.94998
370.95533;858.24999
371.21899;876.05
371.48265;889.07498
371.74629;862.075
372.00993;810.17502
372.27356;779.42499
372.53718;807.57501
372.80079;847.34999
373.06439;864.8
373.32799;836.875
373.59157;857.72502
373.85515;936.825
374.11872;1014.52502
374.38228;1044.77501
374.64583;1030.47501
374.90938;1041.44999
375.17291;1060.84998
375.43644;1095.34998
375.69996;1150.22502
375.96347;1225.25006
376.22698;1276.67496
376.49047;1318.99997
376.75395;1338.45007
377.01743;1301.55003
377.2809;1250.57499
377.54436;1183.95
377.80781;1132.87499
378.07126;1120.025
378.33469;1118.84998
378.59812;1128.00001
378.86154;1213.24998
379.12495;1260.45001
379.38835;1265.47504
379.65174;1236.97504
379.91513;1190.525
380.1785;1107.87499
380.44187;1013.57499
380.70523;960.82498
380.96858;915.35002
381.23193;867.55
381.49526;822.19999
381.75859;826.07499
382.0219;841.67501
382.28521;870.92501
382.54851;927.8
382.81181;1003.17499
383.07509;1100.82502
383.33837;1190.20002
383.60163;1201.30002
383.86489;1162.8
384.12814;1162.65002
384.39138;1121.47502
384.65462;1132.25
384.91784;1175.85002
385.18106;1202.22501
385.44427;1210.47497
385.70747;1187.32502
385.97066;1170.55
386.23384;1193.72499
386.49702;1200.47494
386.76018;1175.84999
387.02334;1189.42498
387.28649;1231.12496
387.54963;1281.97507
387.81276;1343.10004
388.07589;1440.59997
388.339;1503.95001
388.60211;1505.32501
388.86521;1514.40009
389.1283;1537.62503
389.39138;1580.74996
389.65445;1625.40006
389.91752;1649.27503
390.18057;1654.77503
390.44362;1543.45001
390.70666;1442.59997
390.96969;1312.12494
391.23272;1178.55002
391.49573;1021.35002
391.75874;888.89998
392.02173;831.35001
392.28472;912.97502
392.5477;1081.92502
392.81068;1277.79993
393.07364;1434.87488
393.3366;1578.32501
393.59954;1697.65002
393.86248;1748.82507
394.12541;1737.75012
394.38833;1668.67493
394.65124;1544.87494
394.91415;1355.19997
395.17705;1197.72498
395.43993;1108.15
395.70281;1175.85
395.96568;1371.82501
396.22855;1664.77509
396.4914;1965.05001
396.75425;2155.72498
397.01708;2286.67496
397.27991;2395.99994
397.54273;2476.62503
397.80554;2506.125
398.06835;2572.37506
398.33114;2647.27505
398.59393;2692.44999
398.85671;2720.69993
399.11947;2781.04999
399.38224;2819.2
399.64499;2899.77496
399.90773;2973.12499
400.17047;3043.04999
400.4332;3061.52493
400.69591;3079.62498
400.95862;3120.45002
401.22133;3155.32501
401.48402;3148.34998
401.7467;3082.375
402.00938;3032.14996
402.27205;3168.32502
402.53471;3261.77503
402.79736;3266.47522
403.06;3192.84998
403.32264;3102.04992
403.58526;3202.02502
403.84788;3330.59997
404.11049;3317.19995
404.37309;3246.34997
404.63568;3234.22502
404.89826;3269.95007
405.16084;3277.20008
405.4234;3287.62519
405.68596;3424.72491
405.94851;3467.1499
406.21105;3471.90009
406.47358;3463.39996
406.73611;3623.99994
406.99862;3791.42505
407.26113;3887.04993
407.52363;3885.45008
407.78612;3957.55018
408.0486;3858.79992
408.31107;3689.20007
408.57354;3541.60004
408.83599;3460.3252
409.09844;3613.5498
409.36088;3785.05011
409.62331;3920.45014
409.88573;4101.10004
410.14815;4226.15009
410.41055;4259.94995
410.67295;4235.39978
410.93534;4226.17499
411.19772;4229.57489
411.46009;4210.55017
411.72245;4162.42486
411.98481;4146.125
412.24715;4237.87488
412.50949;4316.42505
412.77182;4356.34991
413.03414;4330.67499
413.29645;4321.10016
413.55875;4303.8501
413.82105;4311.07508
414.08333;4339.87494
414.34561;4299.79986
414.60788;4432.39978
414.87014;4550.42517
415.13239;4627.79993
415.39464;4558.7749
415.65687;4379.95007
415.9191;4299.59997
416.18132;4274.00006
416.44353;4306.00006
416.70573;4347.67492
416.96792;4364.94989
417.23011;4383.09998
417.49228;4457.29999
417.75445;4473.67499
418.01661;4467.07482
418.27876;4425.30017
418.5409;4400.09997
418.80304;4413.97497
419.06516;4518.94982
419.32728;4720.15002
419.58938;4845.09997
419.85148;4868.52478
420.11357;4862.35004
420.37566;4720.70014
420.63773;4707.72497
420.8998;4625.57483
421.16185;4467.125
421.4239;4398.70008
421.68594;4486.37494
421.94797;4686.84997
422.20999;4762.69995
422.47201;4775.92505
422.73401;4851.14996
422.99601;4821.5249
423.258;4861.92499
423.51998;4888.19983
423.78195;4835.97479
424.04391;4816.37506
424.30587;4799.82514
424.56782;4907.09979
424.82975;4950.40009
425.09168;4930.32489
425.3536;4951.27502
425.61551;4861.27496
425.87742;4774.99994
426.13931;4686.15009
426.4012;4777.12513
426.66308;4972.25013
426.92495;5026.80018
427.18681;4924.77503
427.44866;4833.97497
427.7105;4674.14984
427.97234;4601.87513
428.23416;4512.62481
428.49598;4273.70008
428.75779;4018.15015
429.01959;3907.12506
429.28139;3932.17493
429.54317;4082.9751
429.80495;4426.6001
430.06671;4857.67493
430.32847;5410.77484
430.59022;5714.14984
430.85196;5734.19983
431.1137;5558.80011
431.37542;5553.29999
431.63714;5698.20014
431.89884;5790.49994
432.16054;5752.19989
432.42223;5530.77502
432.68391;5274.74981
432.94559;5370.42492
433.20725;5666.29999
433.46891;5878.52521
433.73055;5978.15009
433.99219;6020.49994
434.25382;6080.85022
434.51544;6276.82501
434.77706;6399.97491
435.03866;6526.95001
435.30026;6630.72497
435.56185;6560.77496
435.82342;6413.42517
436.085;6240.64996
436.34656;6145.50013
436.60811;6047.10004
436.86966;5908.24994
437.13119;5753.8501
437.39272;5859.12513
437.65424;6093.4751
437.91575;6198.40021
438.17725;6378.42505
438.43874;6491.65002
438.70023;6467.375
438.96171;6376.09997
439.22317;6411.34998
439.48463;6440.49987
439.74608;6707.09991
440.00753;6786.07501
440.26896;6936.99994
440.53038;7007.59997
440.7918;6957.29992
441.05321;6995.80011
441.31461;6951.24987
441.576;6954.37488
441.83738;6906.62512
442.09875;6958.32482
442.36012;7049.27484
442.62148;7074.37487
442.88282;6990.84985
443.14416;7145.57482
443.40549;7161.30005
443.66682;7222.85016
443.92813;6974.95008
444.18943;6765.7002
444.45073;6719.6499
444.71202;6663.8252
444.9733;6747.05011
445.23457;6948.29993
445.49583;7127.8501
445.75708;7177.39984
446.01833;7327.3999
446.27957;7463.72498
446.54079;7466.97491
446.80201;7427.97522
447.06322;7467.3252
447.32443;7375.40028
447.58562;7401.1753
447.8468;7535.27521
448.10798;7493.40002
448.36915;7466.59998
448.63031;7615.94989
448.89146;7767.95001
449.1526;8010.80011
449.41373;8065.0752
449.67486;8025.95032
449.93598;7862.5
450.19708;7825.42511
450.45818;7760.29992
450.71927;7749.09998
450.98035;7640.25
451.24143;7380.82501
451.50249;7335.44989
451.76355;7258.82507
452.0246;7385.20001
452.28564;7544.07532
452.54667;7686.59972
452.80769;7768.9502
453.0687;7854.04992
453.32971;7831.04968
453.5907;7722.32489
453.85169;7754.5249
454.11267;7835.50012
454.37364;8013.47522
454.6346;8058.75019
454.89555;8213.07501
455.1565;8344.09998
455.41743;8313.95032
455.67836;8255.95008
455.93928;8332.5498
456.20019;8309.69989
456.46109;8477.37519
456.72198;8293.1748
456.98287;8184.17492
457.24374;8213.04999
457.50461;8192.3252
457.76547;8254.54992
458.02632;8330.34972
458.28716;8367.65009
458.54799;8318.17542
458.80881;8408.49962
459.06963;8527.47541
459.33044;8749.40002
459.59123;8888.50012
459.85202;8783.5498
460.11281;8793.10022
460.37358;8928.07489
460.63434;8935.1997
460.8951;9031.3003
461.15584;9224.19999
461.41658;9208.92498
461.67731;9200.37498
461.93803;9162.52489
462.19874;9286.95001
462.45945;9042.9248
462.72014;9007.42511
462.98083;8971.69982
463.2415;8965.75019
463.50217;8923.30018
463.76283;9031.0498
464.02348;9238.22501
464.28413;9286.32501
464.54476;9471.35
464.80539;9336.02498
465.066;9256
465.32661;9075.15021
465.58721;9153.40009
465.8478;9200.94998
466.10839;9306.57501
466.36896;9424.84998
466.62953;9406.42499
466.89008;9516.04998
467.15063;9597.17501
467.41117;9658.05002
467.6717;9660.77498
467.93222;9742.37498
468.19274;9727.69998
468.45324;9634.47499
468.71374;9462.65
468.97422;9462.45
469.2347;9511.37499
469.49517;9521.19999
469.75564;9759.42499
470.01609;9934.67499
470.27653;10143.07498
470.53697;10317.14998
470.7974;10450.77499
471.05781;10432.10001
471.31822;10424.32498
471.57863;10333.82498
471.83902;10138.80002
472.0994;10197.55002
472.35978;10374.42499
472.62014;10444.87501
472.8805;10626.32501
473.14085;10752.37499
473.40119;10824.77501
473.66152;10867.09998
473.92185;10822.99998
474.18216;10667.30001
474.44247;10676.34999
474.70277;10664.25001
474.96305;10644.27501
475.22334;10634.60002
475.48361;10708.37499
475.74387;10847.52501
476.00412;11078.67498
476.26437;11257.60002
476.52461;11415.72501
476.78483;11431.22502
477.04505;11366.32501
477.30526;11221.45001
477.56547;11255.4
477.82566;11388.10001
478.08585;11543.80001
478.34602;11641.57501
478.60619;11648.57499
478.86635;11595.3
479.1265;11596.92498
479.38664;11648.55
479.64677;11721.64999
479.9069;11805.7
480.16701;11958.65
480.42712;12054.29999
480.68722;12063.32499
480.94731;12014.64999
481.20739;11978.00002
481.46746;11937.60002
481.72752;11935.62501
481.98758;11984.49999
482.24763;11965.35002
482.50766;11951.55002
482.76769;11896.075
483.02771;11897.65
483.28772;11990.10002
483.54773;11935.22499
483.80772;11767.15001
484.06771;11482.02502
484.32768;10935.90001
484.58765;10366.70002
484.84761;9995.94998
485.10756;10095.875
485.3675;10570.9
485.62744;11043.52499
485.88736;11308.60001
486.14728;11560.45
486.40719;11880.52499
486.66708;12148.55001
486.92697;12224.60002
487.18686;12176.62501
487.44673;12077.72498
487.70659;12011.04998
487.96645;12179.87501
488.22629;12622.39998
488.48613;12975.07502
488.74596;13088.30002
489.00578;13110.14998
489.26559;13022.14999
489.5254;12955.7
489.78519;12839.15001
490.04498;12754.12498
490.30476;12671.74998
490.56452;12414.57501
490.82428;12205.69999
491.08403;12419.75002
491.34378;12816.64999
491.60351;13109.20002
491.86324;13277.17501
492.12295;13170.37498
492.38266;13035.87498
492.64236;13117.52498
492.90205;13327.87498
493.16173;13560.24998
493.4214;13757.92501
493.68107;13793.95
493.94072;13752.72502
494.20037;13591.97498
494.46001;13420.80001
494.71964;13501.60002
494.97926;13700.12502
495.23887;13874.92501
495.49847;13840.69998
495.75807;13879.65002
496.01765;13926.59999
496.27723;13929.27501
496.5368;13733.775
496.79636;13450.2
497.05591;13297.87499
497.31545;13291.77501
497.57498;13516.94998
497.83451;13772.9
498.09402;13881.425
498.35353;13874.925
498.61303;13763.37499
498.87252;13520.625
499.132;13326.62502
499.39147;13281.59998
499.65094;13279.025
499.91039;13234.22501
500.16984;13178.99998
500.42928;13138.55
500.6887;13228.35001
500.94813;13425.05
501.20754;13569.10002
501.46694;13699.87502
501.72633;13884.67502
501.98572;13977.55001
502.2451;13836.35002
502.50446;13594.75001
502.76382;13386.64999
503.02317;13441.77502
503.28251;13746.47502
503.54185;13899.47498
503.80117;13950.17501
504.06049;14045.92499
504.31979;14299.97501
504.57909;14445.45001
504.83838;14442.29999
505.09766;14321.65
505.35693;14199
505.6162;14100.8
505.87545;13992.57499
506.1347;13958.625
506.39393;13793.97498
506.65316;13628.575
506.91238;13648.69999
507.17159;13731.47501
507.43079;14008.27501
507.68999;14195.99999
507.94917;14314.625
508.20835;14216.97502
508.46751;13982.39998
508.72667;13924.75
508.98582;13911.52499
509.24496;13887.34999
509.50409;13924.89998
509.76322;13988.44999
510.02233;14126.52498
510.28144;14281.25
510.54054;14252.52501
510.79962;14207.40001
511.0587;13936.32502
511.31777;13731.32499
511.57684;13622.15001
511.83589;13569.30001
512.09493;13658.64999
512.35397;13520.35001
512.613;13411.45001
512.87202;13288.45001
513.13102;13324.10001
513.39003;13380.25002
513.64902;13509.87502
513.908;13550.09998
514.16698;13616.55002
514.42594;13673.225
514.6849;13609.62502
514.94385;13288.575
515.20279;12616.62499
515.46172;11903.77498
515.72064;11469.375
515.97955;11487.24998
516.23846;11988.04999
516.49735;12539.57501
516.75624;12614.67498
517.01512;12299.10002
517.27399;12128.87499
517.53285;12371.82502
517.7917;12708.975
518.05054;12963.87499
518.30938;13125.89998
518.5682;13327.67499
518.82702;13429.32498
519.08583;13413.89999
519.34463;13260.37498
519.60342;13235.05
519.8622;13376.87502
520.12097;13509.47501
520.37974;13592
520.63849;13648.27499
520.89724;13599.72498
521.15598;13442.70002
521.41471;13159.12498
521.67343;13073.45
521.93214;13152.17501
522.19084;13386.12498
522.44954;13627.49999
522.70822;13846.95
522.9669;14001.42502
523.22556;13966.00002
523.48422;13856.15001
523.74287;13800.52499
524.00152;13729.77499
524.26015;13743.47502
524.51877;13822.75001
524.77739;13527.82502
525.03599;13018.52499
525.29459;12470.55002
525.55318;12219.125
525.81176;12269.42501
526.07033;12606
526.32889;13039.17498
526.58745;13361.60002
526.84599;13518.97501
527.10453;13614.02499
527.36305;13833.82499
527.62157;14064.25001
527.88008;14267.35002
528.13858;14193.42498
528.39708;13917.80001
528.65556;13753.075
528.91403;13774.72501
529.1725;13975.72499
529.43096;14252.425
529.6894;14342.725
529.94784;14393.80001
530.20627;14337.64998
530.46469;14185.79999
530.72311;14068.17499
530.98151;13810.62501
531.23991;13469.92498
531.49829;13211
531.75667;13264.15
532.01504;13538.35002
532.2734;13866.34999
532.53175;13915.55
532.79009;13881.00002
533.04843;13879.77501
533.30675;13940.17498
533.56507;14002.57498
533.82338;14090.59998
534.08167;14304.6
534.33996;14550.17499
534.59824;14605.24999
534.85652;14488.57501
535.11478;14227.60002
535.37303;13961.84999
535.63128;13720.52501
535.88952;13655.19999
536.14774;13863.47501
536.40596;14130.02502
536.66417;14174.54999
536.92238;14194.52498
537.18057;14232.45002
537.43875;14247.6
537.69693;14101.35001
537.95509;13999.35002
538.21325;13813.125
538.4714;13668.375
538.72954;13634.89999
538.98767;13595.47498
539.24579;13412.04998
539.50391;13384.82499
539.76201;13450.32501
540.02011;13646.30001
540.27819;13850.65
540.53627;14030.40001
540.79434;14036.97499
541.0524;13974.77502
541.31045;13925.69998
541.56849;13927.125
541.82653;13863.17501
542.08455;13790.62498
542.34257;13885.12502
542.60058;14108.57501
542.85858;14272.57498
543.11657;14208.79999
543.37455;14070.09998
543.63252;14031.94999
543.89048;14108.72499
544.14844;14145.225
544.40638;14104.75
544.66432;14058.3
544.92225;14098.10002
545.18017;14012.47499
545.43808;14058.175
545.69598;14075.47498
545.95387;13987.45
546.21175;13840.65001
546.46963;13657.47499
546.7275;13631.84998
546.98535;13773.97498
547.2432;13851.17498
547.50104;13981.12501
547.75887;14010.72498
548.01669;14012.69999
548.27451;13986.425
548.53231;13947.72502
548.79011;13899.675
549.04789;13861.57502
549.30567;13823.70001
549.56344;13782.22499
549.8212;13771.87499
550.07895;13754.55
550.33669;13816.15001
550.59443;13914.3
550.85215;13908.90001
551.10987;13839.77498
551.36757;13680.05
551.62527;13559.32501
551.88296;13539.54998
552.14064;13609.42502
552.39831;13645.62502
552.65597;13718.70001
552.91363;13764.17498
553.17127;13743.10002
553.42891;13811.375
553.68654;13770.92502
553.94415;13765.54998
554.20176;13670.99999
554.45936;13659.525
554.71696;13540.05001
554.97454;13443.82498
555.23211;13311.57498
555.48968;13182.85001
555.74723;13131.49998
556.00478;13072.9
556.26232;13110.57499
556.51985;13173.50002
556.77737;13214.50001
557.03488;13152.14998
557.29239;12918.35001
557.54988;12667.02502
557.80737;12601.12502
558.06484;12643.49998
558.32231;12703.02501
558.57977;12761.54999
558.83722;12717.925
559.09466;12768.35
559.35209;13002.45001
559.60951;13200.59999
559.86693;13204.34998
560.12433;12983.05
560.38173;12751.37501
560.63912;12709.52499
560.8965;12775.85002
561.15387;12793.175
561.41123;12850.07501
561.66858;12946.27498
561.92592;13007.00002
562.18326;12956.99998
562.44058;12766.675
562.6979;12719.97501
562.95521;12731.65002
563.21251;12757.52501
563.4698;12820.77498
563.72708;12804.29999
563.98435;12721.20001
564.24161;12553.05002
564.49887;12392.22501
564.75611;12275.60001
565.01335;12305.74999
565.27058;12366.65
565.5278;12499.70001
565.78501;12634.32501
566.04221;12696.57499
566.2994;12720.175
566.55658;12682.20001
566.81376;12583.97501
567.07092;12419.42499
567.32808;12361.50001
567.58523;12258.87498
567.84237;12327.09999
568.0995;12436.67499
568.35662;12477.04998
568.61373;12417.17498
568.87084;12341.42501
569.12793;12201.10002
569.38502;12055.45001
569.64209;11938.20002
569.89916;11848.20001
570.15622;11994.02498
570.41327;12185.47501
570.67031;12356.1
570.92734;12545.82499
571.18436;12585.72502
571.44138;12577.72498
571.69838;12548.04999
571.95538;12492.87498
572.21237;12490.375
572.46935;12500.92501
572.72632;12493.79998
572.98328;12492.50001
573.24023;12471.05
573.49717;12347.80002
573.75411;12290.15
574.01103;12171.72499
574.26795;12098.05
574.52486;12181.07501
574.78175;12197.70002
575.03864;12177.89998
575.29552;12250.95002
575.5524;12302.975
575.80926;12332.65001
576.06611;12296.87501
576.32296;12242.35002
576.57979;12220.72502
576.83662;12080.70001
577.09344;11963.75
577.35025;11941.02502
577.60705;11958.72501
577.86384;12073.50002
578.12062;12174.67499
578.3774;12232.8
578.63416;12262.925
578.89092;12306.14998
579.14766;12289.30001
579.4044;12256.34998
579.66113;12245.525
579.91785;12311.84999
580.17456;12331.17502
580.43126;12323.77498
580.68796;12350.97498
580.94464;12416.05001
581.20132;12476.77502
581.45798;12479.1
581.71464;12503.975
581.97129;12498.44998
582.22793;12460.77498
582.48456;12450.97501
582.74118;12472.45
582.9978;12473.725
583.2544;12478.55002
583.51099;12402.45001
583.76758;12292.34998
584.02416;12237.59998
584.28073;12107.17501
584.53728;11971.92501
584.79384;11945.5
585.05038;12065.27502
585.30691;12135.10001
585.56343;12252.475
585.81995;12274.025
586.07645;12295.34998
586.33295;12304.67499
586.58944;12245.225
586.84592;12181.99999
587.10239;11971.55001
587.35885;11743.42502
587.6153;11311.00001
587.87174;10853.74998
588.12818;10742.52502
588.3846;10800.45002
588.64102;11090.65001
588.89742;11463.42499
589.15382;11728.72499
589.41021;11860.34999
589.66659;11948.67502
589.92296;11915.04998
590.17933;11873.82498
590.43568;11852.52499
590.69202;11852.97501
590.94836;11877.89998
591.20469;11911.40001
591.461;11944.92498
591.71731;11868.625
591.97361;11832.95001
592.2299;11855.54998
592.48618;11892.14998
592.74246;11910.12501
592.99872;11854.45001
593.25498;11789.49999
593.51122;11742.32498
593.76746;11672.34999
594.02369;11692.92498
594.27991;11743.37502
594.53612;11777.75
594.79232;11783.9
595.04851;11867.32499
595.30469;11877.075
595.56087;11828.22502
595.81703;11813.175
596.07319;11784.62501
596.32934;11722.15001
596.58547;11665.22502
596.8416;11596.32498
597.09772;11583.20002
597.35383;11482.57502
597.60994;11484.99998
597.86603;11538.14999
598.12212;11622.32501
598.37819;11587.62502
598.63426;11528.45
598.89032;11524.425
599.14636;11435.35002
599.4024;11392.62501
599.65843;11354.2
599.91446;11336.44998
600.17047;11303.45002
600.42647;11248.625
600.68247;11179.44999
600.93845;11117.84999
601.19443;11131.90001
601.4504;11213.05002
601.70636;11288.5
601.96231;11394.02502
602.21825;11416.62499
602.47418;11412.44999
602.7301;11429.775
602.98601;11397.97501
603.24192;11357.32498
603.49782;11346.30002
603.7537;11321.57502
604.00958;11257.80001
604.26545;11246.97499
604.52131;11227.34999
604.77716;11190.97501
605.033;11173.10001
605.28883;11131.12501
605.54466;11091.40001
605.80047;11150.17498
606.05628;11180.37502
606.31208;11131.95
606.56786;11043.75002
606.82364;10942.34999
607.07941;10896.72499
607.33517;10892.82498
607.59093;10849.6
607.84667;10858.05002
608.1024;10812.22499
608.35813;10836.19999
608.61384;10805.80002
608.86955;10717.75
609.12525;10632.95
609.38094;10606.30001
609.63662;10692.99999
609.89229;10746.27499
610.14795;10772.82498
610.4036;10757.49999
610.65925;10689.55
610.91488;10575.87498
611.17051;10511.07498
611.42612;10522.3
611.68173;10551.55
611.93733;10544.27498
612.19292;10433.12499
612.4485;10333.32498
612.70407;10217.84998
612.95964;10250.19999
613.21519;10380.94999
613.47073;10429.24999
613.72627;10452.87498
613.9818;10418.34999
614.23731;10337.12499
614.49282;10201.4
614.74832;10087.49999
615.00381;9936.17498
615.2593;9861.07499
615.51477;9860.32499
615.77023;9944.44999
616.02569;10011.79999
616.28113;10111.34998
616.53657;10184.52498
616.792;10227.45
617.04741;10264.725
617.30282;10262.39999
617.55822;10217.57499
617.81361;10066.775
618.069;10077.475
618.32437;10107.67498
618.57973;10142.70001
618.83509;10155.32498
619.09044;10210.62502
619.34577;10219.97502
619.6011;10202.10001
619.85642;10131.97498
620.11173;10032.12502
620.36703;9919.79998
620.62232;9862
620.87761;9842.70001
621.13288;9875.47498
621.38815;9910.94999
621.6434;9785.90001
621.89865;9737.82502
622.15389;9708.39999
622.40911;9702.77501
622.66433;9693.04999
622.91954;9646.2
623.17475;9556.175
623.42994;9502.60001
623.68512;9518.52499
623.9403;9489.575
624.19546;9431.87499
624.45062;9329.675
624.70577;9384.25
624.9609;9486.90002
625.21603;9552.8
625.47115;9591.87499
625.72627;9598.50001
625.98137;9567.07498
626.23646;9467.74999
626.49154;9333
626.74662;9192.12501
627.00169;9200.10001
627.25674;9302.07502
627.51179;9391.90002
627.76683;9437.64999
628.02186;9386.57499
628.27688;9317.47501
628.53189;9249.9
628.78689;9173.29998
629.04189;9125.47541
629.29687;9166.67499
629.55185;9292.02499
629.80681;9313.24999
630.06177;9253.9
630.31672;9131.35022
630.57166;9066.79999
630.82659;9023.10029
631.08151;9153.2001
631.33642;9256.425
631.59132;9342.77501
631.84622;9340.075
632.1011;9240.55002
632.35598;9160.57508
632.61084;9131.54999
632.8657;9156.67511
633.12055;9194.57502
633.37539;9206.17498
633.63022;9235.62499
633.88504;9273.15001
634.13985;9253.475
634.39466;9194.92501
634.64945;9111.54992
634.90423;9030.17492
635.15901;9012.70001
635.41378;9069.90028
635.66854;9157.89999
635.92328;9168.1
636.17802;9203.02502
636.43275;9227.075
636.68748;9203.50001
636.94219;9185.77501
637.19689;9203.99998
637.45158;9223.8
637.70627;9205.24998
637.96095;9143.0002
638.21561;9060.59998
638.47027;9009.77521
638.72492;8953.25012
638.97956;8946.8003
639.23419;8952.34991
639.48881;8957.67492
639.74342;8873.92518
639.99803;8867.25
640.25262;8882.04992
640.50721;8860.90009
640.76178;8859.22498
641.01635;8877.82508
641.27091;8921.62469
641.52546;8948.3252
641.78;8887.07501
642.03453;8868.72498
642.28905;8856.47472
642.54356;8841.20008
642.79806;8844.90021
643.05256;8887.84972
643.30704;8924.65002
643.56152;8916.17499
643.81599;8873.99969
644.07044;8819.02509
644.32489;8786.7998
644.57933;8804.95008
644.83376;8775.22498
645.08818;8714.15028
645.3426;8707.47522
645.597;8765.72522
645.85139;8766.70008
646.10578;8727.1001
646.36016;8706.04968
646.61452;8725.15009
646.86888;8673.2251
647.12323;8678.10029
647.37757;8696.0503
647.6319;8698.52459
647.88622;8578.74981
648.14053;8412.97498
648.39484;8274.39978
648.64913;8291.84979
648.90341;8435.125
649.15769;8610.02509
649.41196;8740.35022
649.66621;8770.8501
649.92046;8755.74981
650.1747;8652.49988
650.42893;8587.70001
650.68315;8530.77521
650.93737;8543.90009
651.19157;8606.67492
651.44576;8616.05018
651.69995;8613.4004
651.95412;8614.14971
652.20829;8619.92499
652.46245;8602.30011
652.71659;8622.29961
652.97073;8562.50038
653.22486;8487.875
653.47898;8391.24981
653.7331;8336.27528
653.9872;8283.47479
654.24129;8124.52509
654.49538;7887.79999
654.74945;7447.7998
655.00352;6955.32501
655.25757;6764.94983
655.51162;7034.32482
655.76566;7461.37531
656.01969;7808.34991
656.27371;8009.00012
656.52772;8158.42492
656.78172;8275.72498
657.03572;8292.3252
657.2897;8336.17542
657.54368;8341.1499
657.79764;8294.39978
658.0516;8240.69989
658.30554;8206.9746
658.55948;8265.32489
658.81341;8311.3252
659.06733;8345.34998
659.32124;8338.82508
659.57514;8331.02502
659.82904;8310.3252
660.08292;8303.52502
660.33679;8362.52521
660.59066;8366.97522
660.84452;8361.12519
661.09836;8363.55011
661.3522;8326.92511
661.60603;8284.77459
661.85985;8217.8501
662.11366;8156.12519
662.36746;8145.54992
662.62125;8132.8003
662.87503;8155.8999
663.12881;8139.94989
663.38257;8134.25
663.63633;8151.5249
663.89007;8169.44989
664.14381;8162.87531
664.39754;8183.3501
664.65126;8142.99981
664.90497;8080.47491
665.15867;8050.22491
665.41236;7997.0249
665.66604;7992.22498
665.91971;8010.7754
666.17338;8055.05011
666.42703;7969.32489
666.68068;7915.34979
666.93431;7927.32508
667.18794;7979.45008
667.44156;7956.6001
667.69517;7951.57532
667.94877;7953.7998
668.20236;7913.54968
668.45594;7861.37481
668.70951;7847.04992
668.96307;7837.62469
669.21663;7792.95032
669.47017;7774.39978
669.72371;7753.09972
669.97723;7745.0249
670.23075;7687.47522
670.48426;7601.42518
670.73776;7583.32489
670.99125;7631.52528
671.24473;7675.04992
671.4982;7649.2251
671.75166;7680.52509
672.00511;7683.50031
672.25856;7630.84991
672.51199;7640.99981
672.76542;7616.24988
673.01884;7578.4248
673.27224;7570.79992
673.52564;7533.12531
673.77903;7486.17518
674.03241;7452.89959
674.28578;7471.32532
674.53914;7465.85041
674.79249;7489.04968
675.04584;7487.92468
675.29917;7465.82458
675.55249;7407.79999
675.80581;7371.72491
676.05911;7357.77503
676.31241;7342.42517
676.5657;7377.52471
676.81898;7380.8501
677.07225;7329.82508
677.32551;7303.37513
677.57876;7270.29993
677.832;7282.12488
678.08523;7275.84991
678.33846;7242.6748
678.59167;7210.47498
678.84488;7244.99987
679.09807;7197.77503
679.35126;7173.1001
679.60444;7160.77509
679.8576;7108.47485
680.11076;7115.65003
680.36391;7111.04999
680.61705;7100.17492
680.87019;7108
681.12331;7063.42493
681.37642;7023.59985
681.62953;7021.125
681.88262;7001.59997
682.13571;6978.32489
682.38878;6950.22504
682.64185;6887.59998
682.89491;6810.17499
683.14796;6737.80005
683.401;6767.90009
683.65403;6805.37513
683.90705;6829.32501
684.16006;6779.27503
684.41306;6737.60004
684.66606;6668.15009
684.91904;6610.77496
685.17201;6474.72491
685.42498;6085.40003
685.67794;5542.125
685.93088;5209.05005
686.18382;5125.17493
686.43675;5288.82508
686.68967;5554.12506
686.94258;5807.22498
687.19548;5919.57501
687.44838;5914.7251
687.70126;5848.95007
687.95413;5808.40003
688.207;5779.27496
688.45985;5801.65002
688.7127;5850.89984
688.96554;5896.92511
689.21836;5922.42493
689.47118;5979.40015
689.72399;6016.24988
689.97679;6056.3999
690.22958;6052.77478
690.48236;6063.02509
690.73514;6080.02509
690.9879;6114.37513
691.24065;6124.69995
691.4934;6135.29986
691.74613;6103.62494
691.99886;6087.70001
692.25158;6081.72516
692.50428;6081.29999
692.75698;6043.87488
693.00967;5986.07507
693.26235;5984.90009
693.51502;6013.42486
693.76769;5993.45007
694.02034;6008.79999
694.27298;6001.65003
694.52561;5992.57501
694.77824;6004.82501
695.03086;6025.17511
695.28346;6047.67517
695.53606;6080.29992
695.78865;6065.50012
696.04122;6062.625
696.29379;6010.12494
696.54635;5918.00006
696.79891;5894.04986
697.05145;5922.99987
697.30398;5931.125
697.5565;5890.29992
697.80902;5859.07495
698.06152;5826.54999
698.31402;5847.57483
698.5665;5831.19995
698.81898;5806.50013
699.07145;5738.92511
699.32391;5709.07489
699.57635;5704.20014
699.82879;5711.84991
700.08122;5695.04999
700.33365;5643.3501
700.58606;5631.32508
700.83846;5630.79992
701.09086;5600.47504
701.34324;5588.10022
701.59561;5619.34985
701.84798;5656.37512
702.10034;5688.05011
702.35268;5673.27484
702.60502;5652.62488
702.85735;5648.35016
703.10967;5662.14996
703.36198;5700.44983
703.61428;5710.42493
703.86657;5691.87487
704.11886;5636.57489
704.37113;5620.97479
704.6234;5618.94995
704.87565;5604.67511
705.1279;5577.45001
705.38013;5574.24987
705.63236;5592.25
705.88458;5588.79993
706.13679;5588.15009
706.38898;5612.32507
706.64117;5579.54986
706.89336;5553.52503
707.14553;5519.69983
707.39769;5481.49988
707.64984;5452.87494
707.90199;5456.72497
708.15412;5478.72491
708.40625;5461.40002
708.65836;5472.90002
708.91047;5484.90002
709.16256;5482.45007
709.41465;5481.77503
709.66673;5447.44995
709.9188;5408.15009
710.17086;5398.79992
710.42291;5387.79999
710.67495;5379.90003
710.92699;5348.02503
711.17901;5347.72491
711.43102;5372.24987
711.68303;5339.82501
711.93502;5300.95007
712.18701;5304.35016
712.43899;5330.05005
712.69095;5339.34979
712.94291;5317.6499
713.19486;5268.47497
713.4468;5209.52496
713.69873;5175.25
713.95065;5182.90015
714.20256;5188
714.45447;5204.87512
714.70636;5185.72485
714.95824;5121.10004
715.21012;4983.59991
715.46198;4889.94989
715.71384;4793.25
715.96569;4715.20001
716.21752;4625.60022
716.46935;4572.17511
716.72117;4532.4751
716.97298;4470.32507
717.22478;4385.77509
717.47657;4304.20007
717.72835;4295.67499
717.98012;4292.97504
718.23189;4306.25013
718.48364;4332.12494
718.73539;4343.59997
718.98712;4332.54992
719.23885;4343.57507
719.49056;4404.40015
719.74227;4526.80011
719.99397;4679.79992
720.24566;4761.72516
720.49734;4806.09991
720.74901;4811.22479
721.00067;4775.97497
721.25232;4764.57495
721.50396;4737.42493
721.75559;4678.9502
722.00722;4564.17486
722.25883;4472.75
722.51044;4436.32507
722.76203;4407.57495
723.01362;4404.69995
723.2652;4433.52521
723.51676;4460.57482
723.76832;4444.4502
724.01987;4408.17499
724.27141;4407.20008
724.52294;4457.22497
724.77446;4474.59997
725.02597;4452.22504
725.27748;4435.57508
725.52897;4466.99987
725.78045;4471.02496
726.03193;4453.22522
726.28339;4362.62512
726.53485;4306.75
726.7863;4332.12506
727.03773;4403.12506
727.28916;4423.37513
727.54058;4356.125
727.79199;4278.92493
728.04339;4251.02502
728.29478;4313.27509
728.54616;4388.77509
728.79753;4426.22504
729.0489;4415.87488
729.30025;4356.57483
729.55159;4344.12494
729.80293;4343.57495
730.05425;4377.59991
730.30557;4380.77515
730.55688;4396.02496
730.80817;4442.84997
731.05946;4467.94983
731.31074;4477.62506
731.56201;4495.77496
731.81327;4490.02521
732.06452;4498.69989
732.31576;4526.95001
732.56699;4563.27502
732.81822;4589.60004
733.06943;4578.3501
733.32063;4545.82483
733.57183;4511.52521
733.82301;4488.75
734.07419;4470.42499
734.32536;4456.82495
734.57651;4441.07483
734.82766;4413.22491
735.0788;4412.52515
735.32993;4432.67486
735.58105;4420.29986
735.83216;4424.70001
736.08326;4443.89996
736.33435;4437.77496
736.58544;4446.72504
736.83651;4430.20008
737.08757;4388.40002
737.33863;4311.92492
737.58967;4281.97497
737.84071;4277.60004
738.09174;4282.39978
738.34275;4290.27502
738.59376;4295.65003
738.84476;4318.79992
739.09575;4307.02509
739.34673;4272.27521
739.5977;4243.02502
739.84866;4226.87506
740.09961;4184.54993
740.35055;4189.54999
740.60149;4203.12512
740.85241;4190.45014
741.10333;4180.32508
741.35423;4197.17505
741.60513;4220.45001
741.85601;4238.95008
742.10689;4237.375
742.35776;4232.02515
742.60861;4216.92499
742.85946;4208.90003
743.1103;4173.1001
743.36113;4142.59991
743.61195;4139.90015
743.86277;4162.47485
744.11357;4188.12506
744.36436;4190.00006
744.61514;4173.82483
744.86592;4142.82508
745.11668;4127.77503
745.36744;4136.24994
745.61818;4149.9751
745.86892;4138.29993
746.11965;4146.30005
746.37036;4122.07489
746.62107;4107.87512
746.87177;4105.49988
747.12246;4084.34991
747.37314;4065.85004
747.62381;4063.17499
747.87447;4042.29986
748.12512;4014.14996
748.37577;3992.09998
748.6264;3989.55011
748.87702;4011.94995
749.12764;4022.1499
749.37824;3993.375
749.62884;3960.07495
749.87942;3935.57495
750.13;3943.35004
750.38057;3962.87506
750.63113;3957.04999
750.88168;3950.74988
751.13222;3957.04986
751.38275;3913.22516
751.63327;3896.95001
751.88378;3892.77484
752.13428;3912.99981
752.38477;3920.8999
752.63526;3916.32501
752.88573;3915.80005
753.13619;3901.09997
753.38665;3876.07507
753.63709;3850.97504
753.88753;3849.04999
754.13796;3836.85004
754.38837;3816.87512
754.63878;3796.67517
754.88918;3797.92486
755.13957;3801.625
755.38995;3789.12513
755.64032;3767.72516
755.89068;3763.84985
756.14103;3734.77509
756.39137;3738.37481
756.64171;3740.49994
756.89203;3690.0498
757.14234;3638.50006
757.39265;3585.70001
757.64294;3482.67492
757.89323;3265.95011
758.14351;2849.55001
758.39377;2308.62494
758.64403;1801.34998
758.89428;1425.55005
759.14452;1186.92499
759.39475;1101.25002
759.64497;1144.57502
759.89518;1322.62502
760.14538;1615.89999
760.39557;1966.22495
760.64575;2219.50002
760.89593;2251.34995
761.14609;2132.22507
761.39624;1988.22495
761.64639;1882.07499
761.89652;1846.85
762.14665;1876.29993
762.39676;1925.62502
762.64687;1985.64994
762.89697;2082.32502
763.14706;2176.40006
763.39714;2279.65005
763.64721;2380.20008
763.89727;2463.34998
764.14732;2547.42495
764.39736;2615.12497
764.64739;2676.77509
764.89741;2743
765.14742;2818.20005
765.39743;2898.92492
765.64742;2982.39998
765.8974;3069.40005
766.14738;3123.375
766.39735;3163.92495
766.6473;3176.67496
766.89725;3199.47498
767.14719;3212.64998
767.39711;3235.47507
767.64703;3235.82489
767.89694;3220.50006
768.14684;3219.20007
768.39673;3209.47499
768.64661;3225.25003
768.89648;3230.47499
769.14635;3257.62502
769.3962;3266.12481
769.64604;3243.17499
769.89587;3223.05005
770.1457;3192.02506
770.39551;3184.12512
770.64532;3178.92501
770.89511;3188.65002
771.1449;3196
771.39468;3181.90002
771.64445;3177.35007
771.8942;3184.4
772.14395;3184.07508
772.39369;3189.82495
772.64342;3176.47495
772.89314;3148.5249
773.14285;3125.20005
773.39255;3085.62503
773.64225;3067.64993
773.89193;3068.02505
774.1416;3084.07501
774.39126;3113.70004
774.64092;3105.05002
774.89056;3109.9751
775.1402;3101.12498
775.38982;3092.27503
775.63944;3077.8
775.88905;3043.67507
776.13865;3026.10007
776.38823;3017.90002
776.63781;3003.72498
776.88738;3002.12498
777.13694;2994.47494
777.38649;3003.29998
777.63603;2990.04996
777.88556;2982.47494
778.13508;2978.20001
778.3846;2952.00006
778.6341;2945.97498
778.88359;2932.27509
779.13308;2939.85001
779.38255;2925.87506
779.63202;2902.87499
779.88147;2901.94993
780.13092;2908.34999
780.38036;2910.44995
780.62978;2911.25006
780.8792;2907.15003
781.12861;2899.49997
781.37801;2899.12503
781.6274;2879.075
781.87678;2845.92502
782.12615;2807.50003
782.37551;2806.90002
782.62486;2811.57497
782.8742;2804.22499
783.12353;2828.82495
783.37286;2818.02493
783.62217;2812.04999
783.87147;2803.02501
784.12077;2802.59994
784.37005;2784.92505
784.61933;2771.39999
784.8686;2778.37502
785.11785;2775.54995
785.3671;2759.84999
785.61634;2755.55001
785.86557;2741.29999
786.11479;2728.30002
786.36399;2716.64994
786.61319;2702.44998
786.86238;2683.55007
787.11157;2694.67499
787.36074;2686.80001
787.6099;2673.27496
787.85905;2650.55011
788.10819;2634
788.35733;2614.30001
788.60645;2608.17511
788.85557;2612.8
789.10467;2614.17499
789.35377;2602.09994
789.60285;2588.04992
789.85193;2572.72494
790.101;2562.19999
790.35005;2552.40009
790.5991;2544
790.84814;2535.40006
791.09717;2530.82499
791.34619;2516.59994
791.5952;2495.45005
791.8442;2473.27496
792.09319;2459.02493
792.34217;2477.09998
792.59114;2477.475
792.84011;2465.15005
793.08906;2445.55002
793.338;2439.72506
793.58694;2459.57508
793.83586;2466.49998
794.08478;2476.87506
794.33368;2478.17503
794.58258;2456.37506
794.83147;2434.15002
795.08034;2431.14999
795.32921;2436.97498
795.57807;2435.24994
795.82692;2433.39993
796.07576;2441.42493
796.32459;2442.57502
796.57341;2431.00006
796.82222;2421.72491
797.07102;2422.15
797.31981;2426.82499
797.56859;2409.09998
797.81736;2399.67507
798.06613;2377.50004
798.31488;2353.07498
798.56362;2333.92496
798.81236;2327.44998
799.06108;2333.97498
799.3098;2334.77499
799.5585;2332.92507
799.8072;2327.075
800.05589;2319.47497
800.30456;2322.37504
800.55323;2318.72495
800.80189;2308.24997
801.05054;2295.20001
801.29918;2279.35006
801.54781;2270.72506
801.79643;2265.92495
802.04504;2270.02502
802.29364;2268.57504
802.54223;2268.60002
802.79081;2267.22504
803.03939;2245.25003
803.28795;2219.89999
803.5365;2216.90002
803.78505;2226.02496
804.03358;2224.65002
804.28211;2226.97501
804.53062;2233.87496
804.77913;2239.17505
805.02762;2242.54996
805.27611;2233.49996
805.52459;2224.07502
805.77306;2204.75
806.02151;2193.00001
806.26996;2186.74997
806.5184;2180.52499
806.76683;2177.77494
807.01525;2156.67495
807.26366;2147.77502
807.51206;2146.72501
807.76045;2134.37503
808.00884;2121.87496
808.25721;2108.15003
808.50557;2098.50002
808.75392;2100.79992
809.00227;2100.54999
809.2506;2096.60006
809.49893;2089.25001
809.74724;2079.72495
809.99555;2082.17507
810.24384;2075.24999
810.49213;2061.52496
810.74041;2044.5
810.98867;2031.875
811.23693;2027.87488
811.48518;2007.92505
811.73342;1968.92492
811.98165;1936.04995
812.22987;1915.62498
812.47808;1900.22504
812.72628;1883.525
812.97447;1878.95004
813.22265;1859.30005
813.47082;1836.52509
813.71899;1815.5
813.96714;1794.95004
814.21528;1793.32501
814.46342;1779.07499
814.71154;1746.05007
814.95965;1714.34999
815.20776;1712.60001
815.45585;1720.875
815.70394;1740.97498
815.95202;1760.42502
816.20008;1752.04995
816.44814;1712.79999
816.69619;1704.90006
816.94423;1704.40002
817.19225;1714.67499
817.44027;1726.52494
817.68828;1733.10006
817.93628;1721.77502
818.18427;1708.17495
818.43225;1691.94998
818.68022;1719.54992
818.92819;1767.45002
819.17614;1802.02498
819.42408;1815.97504
819.67201;1815.84995
819.91994;1802.475
820.16785;1780.82495
820.41575;1764.95001
820.66365;1736.20001
820.91153;1684.47494
821.15941;1612.82504
821.40727;1525.75
821.65513;1497.74994
821.90298;1522.22507
822.15081;1578.04999
822.39864;1647.60004
822.64646;1707.90006
822.89427;1723.75004
823.14207;1737.70005
823.38985;1756.92499
823.63763;1764.42501
823.8854;1756.82495
824.13316;1742.57502
824.38092;1721.55007
824.62866;1714.32505
824.87639;1721.32497
825.12411;1736.675
825.37182;1747.25
825.61953;1729.84998
825.86722;1690.725
826.1149;1654.82505
826.36258;1628.67503
826.61024;1628.47497
826.8579;1633.70005
827.10554;1637.37504
827.35318;1627.54995
827.6008;1625.79999
827.84842;1617.50002
828.09603;1619.17502
828.34362;1634.55002
828.59121;1632.75003
828.83879;1632.45004
829.08636;1626.85
829.33392;1624.89994
829.58147;1626.85006
829.82901;1630.70001
830.07654;1622.77494
830.32406;1614.59998
830.57157;1596.47494
830.81907;1587.27505
831.06656;1586.52499
831.31404;1586.52493
831.56152;1578.79993
831.80898;1576.47495
832.05643;1569.59998
832.30388;1564.04993
832.55131;1572.07505
832.79873;1587.82507
833.04615;1588.90002
833.29355;1592.87504
833.54095;1601.82502
833.78834;1606.47498
834.03571;1607.74999
834.28308;1604.12494
834.53044;1590.45
834.77778;1592.07498
835.02512;1601.82501
835.27245;1595.49997
835.51977;1593.97495
835.76708;1593.22497
836.01438;1590.65002
836.26167;1588.44998
836.50895;1582.25002
836.75622;1579.32501
837.00348;1573.47501
837.25073;1563.92507
837.49797;1556.42492
837.74521;1550.2749
837.99243;1560.24996
838.23964;1561.32495
838.48684;1563.62503
838.73404;1556.92501
838.98122;1552.90002
839.2284;1555.44993
839.47556;1552.92507
839.72272;1536.92493
839.96986;1532.45008
840.217;1524.42499
840.46413;1523.57504
840.71124;1526.125
840.95835;1521.97498
841.20545;1513.375
841.45253;1502.57501
841.69961;1500.75
841.94668;1488.00003
842.19374;1475.72498
842.44079;1466.89996
842.68783;1459.79999
842.93486;1467.34995
843.18188;1472.24997
843.42889;1466.12498
843.67589;1467.54999
843.92288;1471.875
844.16986;1473.275
844.41684;1468.075
844.6638;1462.97495
844.91075;1455.92507
845.1577;1441.2749
845.40463;1436.67502
845.65155;1429.225
845.89847;1424.60004
846.14537;1424.70008
846.39227;1426.12503
846.63915;1425.14994
846.88603;1413.59991
847.13289;1413.725
847.37975;1416.45002
847.6266;1398.825
847.87343;1362.20008
848.12026;1318.10007
848.36708;1277.175
848.61389;1262.92498
848.86069;1286.30001
849.10748;1312.25002
849.35425;1326.875
849.60102;1339.64998
849.84778;1337.82498
850.09453;1334.49996
850.34128;1336.49988
850.58801;1329.32501
850.83473;1327.25004
851.08144;1331.54999
851.32814;1321.97498
851.57483;1307.95008
851.82152;1290.97507
852.06819;1252.69998
852.31485;1189.5
852.56151;1103.97499
852.80815;1047.99998
853.05478;1064.375
853.30141;1110.69998
853.54802;1164.65002
853.79463;1206.67502
854.04123;1230.89993
854.28781;1246.15005
854.53439;1265.02505
854.78095;1265.07493
855.02751;1268.50006
855.27406;1271.84998
855.5206;1275.57502
855.76712;1268.09994
856.01364;1261.69995
856.26015;1263.75003
856.50665;1256.77502
856.75314;1247.8501
856.99962;1242.54995
857.24609;1236.84998
857.49255;1231.72495
857.739;1222.87502
857.98544;1214.92495
858.23187;1221.77496
858.47829;1208.77499
858.72471;1212.62498
858.97111;1213.52507
859.2175;1212.92493
859.46388;1200.22498
859.71026;1191.32501
859.95662;1192.25001
860.20298;1187.92501
860.44932;1181.85001
860.69565;1187.39999
860.94198;1188.15001
861.18829;1181.6
861.4346;1176.57498
861.68089;1177.325
861.92718;1178.20002
862.17346;1173.69999
862.41972;1166.15
862.66598;1161.60002
862.91223;1153.64999
863.15847;1140.02501
863.40469;1126.65
863.65091;1116.875
863.89712;1106.15002
864.14332;1074.90002
864.38951;1017.75002
864.63569;964.15002
864.88186;944.62499
865.12802;963.32498
865.37417;997.10002
865.62031;1029.70002
865.86644;1047.4
866.11256;1056.29999
866.35867;1066.54998
866.60477;1074.7
866.85087;1069.37502
867.09695;1064.47501
867.34302;1061.175
867.58908;1057.92499
867.83514;1058.27498
868.08118;1063.12498
868.32722;1062.875
868.57324;1059.87498
868.81925;1059.07498
869.06526;1057.77498
869.31125;1050.175
869.55724;1045.15
869.80322;1036.225
870.04918;1034.17502
870.29514;1039.14999
870.54108;1041.24998
870.78702;1032.89999
871.03295;1028.07498
871.27887;1024.92501
871.52477;1024.12498
871.77067;1013.5
872.01656;999.7
872.26244;992.79998
872.50831;996.87502
872.75417;990.45001
873.00002;988.9
873.24586;987.15002
873.49169;979.625
873.73751;975.95001
873.98332;977.075
874.22912;971.025
874.47491;979.34998
874.72069;975.325
874.96646;969.79998
875.21222;966.29999
875.45798;966.17498
875.70372;955.52499
875.94945;955.17499
876.19517;957.57499
876.44089;961.325
876.68659;954.50002
876.93228;952.70002
877.17797;951.30001
877.42364;941.65
877.66931;926.57501
877.91496;924
878.16061;928.52502
878.40624;926.55
878.65187;918.07502
878.89748;899.82498
879.14309;880.55
879.38869;882.70001
879.63427;887.74999
879.87985;898.59999
880.12542;900.07498
880.37098;905.375
880.61652;902.35002
880.86206;893.59999
881.10759;887.35002
881.35311;890.07502
881.59862;895.4
881.84412;889.44998
882.08961;890.10002
882.33509;880.79998
882.58056;874.32501
882.82602;868.8
883.07147;868.5
883.31691;864.49999
883.56234;870.575
883.80776;862.275
884.05317;854.95001
884.29857;849.525
884.54396;840.87499
884.78935;827.3
885.03472;822.39999
885.28008;819.52501
885.52543;823.12499
885.77078;821.90001
886.01611;823.47501
886.26143;828.25002
886.50675;828.25
886.75205;822.075
886.99735;816.54998
887.24263;811.07499
887.48791;812.25001
887.73317;811.10002
887.97843;810.82498
888.22367;806.4
888.46891;803.37502
888.71413;802.15
888.95935;800.87502
889.20456;794.95001
889.44975;794.72502
889.69494;780.24999
889.94012;778.025
890.18528;779.92501
890.43044;776.8
890.67559;768.62499
890.92073;763.525
891.16586;748.47499
891.41098;736.62501
891.65608;737.67502
891.90118;742.25002
892.14627;752.34998
892.39135;742.67502
892.63642;729.79999
892.88148;717.45002
893.12653;714.50002
893.37157;708.60002
893.6166;694.14999
893.86162;688.59999
894.10663;677.84998
894.35164;675.97502
894.59663;658.47501
894.84161;642.52501
895.08658;636.44999
895.33154;635.125
895.5765;629.85
895.82144;623.55001
896.06637;631.6
896.31129;629.45
896.55621;630.15001
896.80111;616.07499
897.04601;589.25
897.29089;559.80001
897.53576;545.5
897.78063;561.35001
898.02548;582.80002
898.27033;588.37498
898.51516;574.12498
898.75999;569.775
899.0048;561.82499
899.24961;553.425
899.4944;552.34998
899.73919;557.92502
899.98397;555.725
900.22873;553.85002
900.47349;555.75001
900.71824;554.85001
900.96297;554.92502
901.2077;567.12498
901.45242;585.875
901.69713;601.35
901.94182;613.95001
902.18651;620.72501
902.43119;620.075
902.67586;620.17502
902.92052;615.825
903.16517;616.27502
903.40981;612.87499
903.65444;607.12499
903.89906;605.30002
904.14366;597.39999
904.38826;580.45002
904.63285;565.37498
904.87744;558.825
905.12201;557.29998
905.36657;544.17498
905.61112;531.47499
905.85566;530.00002
906.10019;523.27502
906.34471;513.00002
906.58922;508.65001
906.83372;503.29999
907.07822;502.57501
907.3227;501.34998
907.56717;502.52498
907.81163;505.92502
908.05609;504.12502
908.30053;496.45001
908.54496;499.47501
908.78939;498.12499
909.0338;501.27498
909.2782;502.14999
909.5226;511.35002
909.76698;516.77501
910.01135;509.07501
910.25572;500.97498
910.50007;504.425
910.74442;506.69998
910.98875;509.77501
911.23308;493.65002
911.47739;473.64999
911.7217;460.175
911.96599;450.525
912.21028;460.72498
912.45456;472.99998
912.69882;487.67498
912.94308;491.22498
913.18733;488.25002
913.43156;471.65002
913.67579;446.50001
913.92001;436.19998
914.16421;442.79999
914.40841;457.92502
914.6526;466.79998
914.89678;475.59998
915.14094;471.97501
915.3851;466.85
915.62925;453.59998
915.87339;442.02499
916.11752;438.65002
916.36163;448.59998
916.60574;454.34998
916.84984;461.47501
917.09393;465.30002
917.33801;466.15
917.58208;470.12499
917.82614;467.675
918.07019;471.79998
918.31423;476.42498
918.55826;479.70001
918.80228;476.54999
919.04629;477.27502
919.29029;465.92501
919.53428;457.87501
919.77826;450.07502
920.02223;443.77502
920.26619;441.59998
920.51015;441.77498
920.75409;447.00001
920.99802;448.79999
921.24194;436.65002
921.48585;429.77502
921.72975;431.075
921.97365;431.37499
922.21753;430.25001
922.4614;429.6
922.70526;426.77499
922.94912;422.94999
923.19296;422.47501
923.43679;421.12502
923.68061;422.29998
923.92443;417.59998
924.16823;411.72502
924.41203;414.19998
924.65581;416.4
924.89958;419.35002
925.14335;417.99999
925.3871;418.32498
925.63085;416.39998
925.87458;402.82501
926.1183;390.47501
926.36202;377.35002
926.60572;365.27501
926.84942;358.32498
927.0931;352.45
927.33678;351.22501
927.58044;345.12502
927.8241;333.42502
928.06775;323.02501
928.31138;312.62499
928.55501;307.525
928.79862;303.05
929.04223;290.9
929.28583;281.875
929.52941;275.54998
929.77299;260.57498
930.01655;242.125
930.26011;228.14998
930.50366;225.00001
930.7472;222.625
930.99072;217.84998
931.23424;222.07502
931.47775;220.375
931.72124;203.65
931.96473;186.77502
932.20821;183.14999
932.45168;173.05
932.69514;167.95001
932.93858;174.09998
933.18202;193.72501
933.42545;208.5
933.66887;198.37501
933.91228;183.875
934.15568;183.27498
934.39906;197.27499
934.64244;203.54998
934.88581;200.07502
935.12917;189.9
935.37252;182.15002
935.61586;180.02498
935.85919;185.04998
936.10251;188.19999
936.34582;184.25001
936.58912;193.34998
936.83241;208.92501
937.07569;225.44998
937.31896;246.1
937.56222;264.15
937.80547;273.80002
938.04871;274.37498
938.29194;266.47501
938.53516;255.50001
938.77837;252.34998
939.02157;251.95002
939.26476;242.12501
939.50794;240.57499
939.75111;240.1
939.99427;242.07498
940.23742;241.77499
940.48057;240.75001
940.7237;227.6
940.96682;208.89998
941.20993;200.00002
941.45303;201.09999
941.69612;211.29998
941.93921;209.575
942.18228;195.97502
942.42534;179.00001
942.66839;175.57499
942.91143;191.65002
943.15447;211.15002
943.39749;214.12501
943.6405;211.50002
943.8835;199.02502
944.1265;189.47498
944.36948;187.55
944.61245;191.19999
944.85541;197.45
945.09837;198.27501
945.34131;205.45
945.58424;207.67498
945.82717;206.70001
946.07008;201.27498
946.31298;195.35001
946.55588;193.25
946.79876;200.52498
947.04163;215.77502
947.2845;221.49999
947.52735;208.25001
947.7702;186.49998
948.01303;176.07501
948.25585;168.57499
948.49867;176.15001
948.74147;194.55001
948.98427;216.04999
949.22705;230.25002
949.46982;229.69998
949.71259;214.92498
949.95534;196.15002
950.19809;184.12501
950.44082;175.075
950.68355;178.89999
950.92626;179.52499
951.16897;189.225
951.41166;198.25001
951.65435;206.99999
951.89702;210.09999
952.13969;202.44999
952.38234;196.44998
952.62499;192.65
952.86762;189.2
953.11025;188.70002
953.35286;190.80001
953.59547;188.25001
953.83806;179.32502
954.08065;181.02499
954.32322;183.67499
954.56579;187.57498
954.80835;178.97498
955.05089;178.04999
955.29343;186.57501
955.53595;202.17501
955.77847;208.42499
956.02097;206.425
956.26347;198.92499
956.50596;193.92498
956.74843;192.72502
956.9909;187.45
957.23336;177.72498
957.4758;170.15002
957.71824;173.27501
957.96066;183.02501
958.20308;183.64999
958.44549;189.2
958.68788;195.52499
958.93027;192.72502
959.17265;194.175
959.41501;205.52502
959.65737;203.35002
959.89972;203.35
960.14205;191.82501
960.38438;185.42499
960.6267;185.67501
960.869;186.90002
961.1113;190.52498
961.35359;194.30002
961.59586;194.64998
961.83813;190.85002
962.08039;187.29999
962.32263;185.32501
962.56487;180.14998
962.8071;183.125
963.04932;188.65002
963.29152;192.37501
963.53372;198.02501
963.77591;199.92501
964.01809;196.34998
964.26025;191.67499
964.50241;186.125
964.74456;181.97498
964.98669;186.60001
965.22882;192.82499
965.47094;197.17502
965.71305;206.57498
965.95514;203.975
966.19723;204
966.43931;199.82498
966.68138;203.375
966.92343;199.825
967.16548;204.47501
967.40752;200.70002
967.64955;202.62498
967.89156;205.14998
968.13357;201.075
968.37557;198.90001
968.61756;195.57501
968.85954;195.62502
969.1015;197.40001
969.34346;196.67502
969.58541;195.15001
969.82735;192.375
970.06927;196.47501
970.31119;194.62502
970.5531;191.22498
970.795;190.9
971.03688;189.67498
971.27876;182.87498
971.52063;177.5
971.76249;174.04998
972.00434;171.85
972.24617;176.87499
972.488;177.59999
972.72982;173.27501
972.97163;176.67502
973.21343;175.75
973.45521;177.1
973.69699;171.79998
973.93876;164.24999
974.18052;164.07502
974.42226;173.47498
974.664;172.17501
974.90573;174.55002
975.14745;176.32501
975.38916;175.94998
975.63085;177.7
975.87254;176.4
976.11422;171.55002
976.35589;165.97502
976.59755;166.42499
976.83919;166.12499
977.08083;165.27502
977.32246;162.92499
977.56408;160.64997
977.80568;160.25001
978.04728;159.224995
978.28887;167.35002
978.53045;164.4
978.77202;162.85002
979.01357;164.95001
979.25512;167.99998
979.49666;165.70001
979.73819;162.32501
979.9797;164.10002
980.22121;161.2
980.46271;164.07502
980.7042;162.39999
980.94567;161.625
981.18714;163.300015
981.4286;164.225
981.67005;163.10002
981.91148;161.77499
982.15291;163.39999
982.39433;160.425015
982.63574;156.95001
982.87713;157.72503
983.11852;156.75
983.3599;155.024995
983.60127;156.874975
983.84262;153.324985
984.08397;154.824985
984.32531;156.274995
984.56664;153.324985
984.80795;150.47498
985.04926;151.425015
985.29056;149.899995
985.53184;148.20001
985.77312;149.925015
986.01439;152.225005
986.25565;146.60003
986.49689;144.92499
986.73813;146.600005
986.97936;145.100005
987.22057;143.949985
987.46178;144.77502
987.70298;143.850005
987.94416;141.47503
988.18534;141.20001
988.42651;141.02497
988.66766;140.17499
988.90881;138.274995
989.14995;140.625025
989.39107;141.82501
989.63219;138.000025
989.8733;139.125025
990.11439;136.875025
990.35548;133.82501
990.59655;126.800015
990.83762;134.825035
991.07868;129.374975
991.31972;130.15002
991.56076;128.02502
991.80179;125.675015
992.0428;129.899995
992.28381;126.72498
992.5248;128
992.76579;128.79999
993.00677;123.84998
993.24773;127.5
993.48869;125.72503
993.72963;127.500025
993.97057;130.34998
994.21149;125.79999
994.45241;125.199985
994.69331;124.70001
994.93421;125.850005
995.17509;123.27502
995.41597;122.35003
995.65684;124.45001
995.89769;122.32501
996.13854;124.124975
996.37937;119.25
996.6202;117.32501
996.86101;116.82501
997.10182;115.774995
997.34261;113.799965
997.58339;117.90002
997.82417;117.70001
998.06493;115.750025
998.30569;119.274995
998.54643;118.850005
998.78717;114.42499
999.02789;119.875025
999.26861;114.82501
999.50931;114.100005
999.75;111.84998
999.99069;110.925015
1000.2314;110.67499
1000.472;109.925015
1000.7127;109.82501
1000.9533;111.04999
1001.194;110.52502
1001.4346;113.600005
1001.6752;111.024995
1001.9158;112.975005
1002.1564;109.549965
1002.397;105.375
1002.6375;103.225005
1002.8781;103.40002
1003.1187;105.375
1003.3592;104.20001
1003.5997;100.34998
1003.8403;100.374975
1004.0808;104.625
1004.3213;103.299965
1004.5618;102.90002
1004.8023;99.824985
1005.0427;98.024995
1005.2832;100.574985
1005.5236;96.399995
1005.7641;102.100005
1006.0045;102.100005
1006.2449;98.52502
1006.4853;98.200035
1006.7257;96.725005
1006.9661;101.350005
1007.2065;99.874975
1007.4469;95.75
1007.6873;97.800015
1007.9276;103.774995
1008.1679;103.70001
1008.4083;99.000025
1008.6486;95.34998
1008.8889;93.92499
1009.1292;99.524995
1009.3695;102.20001
1009.6098;95.79999
1009.8501;95.17499
1010.0903;97.699985
1010.3306;90.524995
1010.5708;93.20001
1010.811;95.375
1011.0513;93.60003
1011.2915;96.20001
1011.5317;95.124975
1011.7719;89.000025
1012.012;89.57501
1012.2522;92.04999
1012.4924;93.124975
1012.7325;88.59998
1012.9726;86.824985
1013.2128;88.40002
1013.4529;88.22503
1013.693;87.57501
1013.9331;86.774995
1014.1732;86.699985
1014.4133;85.125
1014.6533;87.874975
1014.8934;87.949985
1015.1334;88.15002
1015.3735;85.29999
1015.6135;82.45001
1015.8535;86.399995
1016.0935;83.300015
1016.3335;84.29999
1016.5735;85.25
1016.8135;85.57501
1017.0535;83.274995
1017.2934;79.22498
1017.5334;77.874975
1017.7733;80.29999
1018.0132;78.85003
1018.2531;78.625
1018.4931;74.949985
1018.733;77.02497
1018.9728;77.875
1019.2127;80.149995
1019.4526;76.55004
1019.6924;73.22498
1019.9323;76.57501
1020.1721;74.100005
1020.4119;72.199985
1020.6518;78.09998
1020.8916;75.22498
1021.1314;72.30004
1021.3711;71.574985
1021.6109;70.449985
1021.8507;71.249975
1022.0904;72.074985
1022.3302;68.199985
1022.5699;70.299965
1022.8096;71.225005
1023.0494;69.20001
1023.2891;68.024995
1023.5287;66.600005
1023.7684;65.975005
1024.0081;69.10003
1024.2478;66.92499
1024.4874;68.725005
1024.7271;69.17504
1024.9667;67.399995
1025.2063;64.350005
1025.4459;63.875
1025.6855;61.70001
1025.9251;61.79999
1026.1647;65.225005
1026.4043;63.225005
1026.6438;64.39997
1026.8834;57.799965
1027.1229;59.550015
1027.3625;64.32501
1027.602;61.774995
1027.8415;58.07501
1028.081;56.89997
1028.3205;61.699985
1028.56;59.699985
1028.7994;60.000025
1029.0389;58.125
1029.2784;58.47498
1029.5178;59.25
1029.7572;58.774995
1029.9966;57.949985
1030.2361;56.125
1030.4755;54.524995
1030.7148;52.324985
1030.9542;53.39997
1031.1936;53.22498
1031.4329;55.52502
1031.6723;49.299965
1031.9116;51.925015
1032.151;52.07501
1032.3903;53.20001
1032.6296;53.72498
1032.8689;53.100005
1033.1082;52.925015
1033.3474;52.824985
1033.5867;47.725005
1033.826;49.65002
1034.0652;52.574985
1034.3045;51.575035
1034.5437;50.399995
1034.7829;48.09998
1035.0221;48.125
1035.2613;48.34998
1035.5005;42.850005
1035.7397;48.624975
1035.9788;49.300015
1036.218;47.550015
1036.4571;50.92499
1036.6963;51.225005
1036.9354;48.899995
1037.1745;46.399995
1037.4136;45.925015
1037.6527;50.17499
1037.8918;45.77502
1038.1309;43.72498
1038.3699;42.75
1038.609;42.40002
1038.848;42.800015
1039.0871;43.90002
1039.3261;43.625
1039.5651;45.95001
1039.8041;42.375
1040.0431;42.774995
1040.2821;40.300015
1040.521;43.5
1040.76;42.850005
1040.999;41.97503
1041.2379;42.100005
1041.4768;41.07501
1041.7157;38.67499
1041.9547;38.54999
1042.1936;39.67499
1042.4324;35.42499
1042.6713;40.624975
1042.9102;40.85003
1043.1491;41.499975
1043.3879;34.574985
1043.6267;38.949985
1043.8656;40.59998
1044.1044;36.32501
1044.3432;39.875025
1044.582;40.074985
1044.8208;37.699985
1045.0596;36.125
1045.2983;35.04999
1045.5371;38.299965
1045.7758;34.34998
1046.0146;34.324985
1046.2533;35.375025
1046.492;33.57501
1046.7307;33.04999
1046.9694;36.250025
1047.2081;35
1047.4468;32.67499
1047.6855;32.97498
1047.9241;30.375
1048.1628;32.124975
1048.4014;31.750025
1048.64;32.050015
1048.8786;33.675015
1049.1172;30.975005
1049.3558;33.97498
1049.5944;36.824985
1049.833;31.850005
1050.0716;27.375
1050.3101;31.899995
1050.5487;34
1050.7872;28.20001
1051.0257;30.475005
1051.2642;34.22498
1051.5027;29.20001
1051.7412;32.5
1051.9797;33.07501
1052.2182;27.52502
1052.4566;26.92499
1052.6951;29.175015
1052.9335;26.375025
1053.172;31.59998
1053.4104;28.699985
1053.6488;25.925015
1053.8872;24.92499
1054.1256;27.375
1054.364;32.80004
1054.6023;29.225005
1054.8407;30.524995
1055.079;29.500025
1055.3174;28.92504
1055.5557;28.925015
1055.794;29.750025
1056.0323;28.60003
1056.2706;33.45001
1056.5089;29.04999
1056.7472;23.899995
1056.9855;23.77502
1057.2237;22.59998
1057.462;25.874975
1057.7002;23.550015
1057.9384;24.25
1058.1767;25.52502
1058.4149;26.79999
1058.6531;25.04999
1058.8912;26.17499
1059.1294;23.375025
1059.3676;23.09998
1059.6057;27.000025
1059.8439;25.100005
1060.082;22.774995
1060.3201;27
1060.5583;20.625025
1060.7964;20.449985
1061.0345;18.999975
1061.2725;18.77502
1061.5106;18.875
1061.7487;24.54999
1061.9867;21.75
1062.2248;19.75
1062.4628;22.350005
1062.7008;20.64997
1062.9388;24.524995
1063.1768;19.75
1063.4148;22.999975
1063.6528;21.925015
1063.8908;19.625
1064.1287;17.52502
1064.3667;19.47498
1064.6046;22.524995
1064.8426;20.624975
1065.0805;19.875025
1065.3184;19.84998
1065.5563;20.67499
1065.7942;20.5
1066.032;16.574985
1066.2699;19.875
1066.5078;21.050015
1066.7456;19.67499
1066.9835;15.975005
1067.2213;15.350005
1067.4591;15.850005
1067.6969;24.5
1067.9347;15.32501
1068.1725;17.64997
1068.4103;20.25
1068.648;14.92499
1068.8858;16.97498
1069.1235;15.499975
1069.3613;16.77502
1069.599;13.92499
1069.8367;16.300015
1070.0744;18.52502
1070.3121;16.07501
1070.5498;19.874975
1070.7875;16.399995
1071.0251;16.175015
1071.2628;18.02497
1071.5004;18.074985
1071.738;17.84998
1071.9757;19.074985
1072.2133;16.875
1072.4509;17.774995
1072.6885;14.82501
1072.926;17.574985
1073.1636;16.549965
1073.4012;15.425015
1073.6387;15.67499
1073.8763;15.199985
1074.1138;14.725005
1074.3513;16.04999
1074.5888;14.774995
1074.8263;14.524995
1075.0638;13.600005
1075.3013;14.20001
1075.5388;15.600005
1075.7762;15.5
1076.0137;17.124975
1076.2511;14.675015
1076.4885;15.225005
1076.7259;16.92499
1076.9633;16.47498
1077.2007;14.850005
1077.4381;14.52497
1077.6755;13.59998
1077.9129;17.65002
1078.1502;16.04999
1078.3876;17.624975
1078.6249;16.300015
1078.8622;12.925015
1079.0995;13.249975
1079.3368;17.42499
1079.5741;12.875
1079.8114;11.90002
1080.0487;13.77497
1080.2859;14.949985
1080.5232;14.875
1080.7604;10.25
1080.9977;10.95001
1081.2349;12.67499
1081.4721;13.65002
1081.7093;17.074985
1081.9465;11.050015
1082.1837;11.84998
1082.4208;20.14997
1082.658;14.800015
1082.8951;8.32496
1083.1323;7.67499
1083.3694;14.17499
1083.6065;9.925015
1083.8436;14.27502
1084.0807;13.124975
1084.3178;14.274995
1084.5549;13.40002
1084.7919;13.225005
1085.029;13.20001
1085.266;10.899995
1085.5031;11.624975
1085.7401;9.225005
1085.9771;9.84998
1086.2141;9.399995
1086.4511;9.574985
1086.6881;9.97498
1086.9251;7.050015
1087.162;13.300015
1087.399;12.44996
1087.6359;7.949985
1087.8729;7.05004
1088.1098;10.07501
1088.3467;7.57501
1088.5836;7.875
1088.8205;6.64997
1089.0574;9.65002
1089.2942;9.375
1089.5311;8.725005
1089.7679;9.29999
1090.0048;12.074985
1090.2416;7.17499
1090.4784;3.40002
1090.7152;8.34998
1090.952;8.39997
1091.1888;9.850005
1091.4256;8.425015
1091.6624;9.875
1091.8991;9.375025
1092.1359;9.125
1092.3726;7.199985
1092.6093;8.17499
1092.846;6.02502
1093.0827;8.050015
1093.3194;9.475005
1093.5561;10.84998
1093.7928;11.64997
1094.0294;6.25
1094.2661;9.600005
1094.5027;10.300015
1094.7394;6.04999
1094.976;6.60003
1095.2126;5.375
1095.4492;4.925015
1095.6858;7.975005
1095.9224;6.600005
1096.1589;5.024995
1096.3955;-0.40002
1096.6321;4.64997
1096.8686;6.774995
1097.1051;4.100005
1097.3416;5.17499
1097.5781;6.15002
1097.8146;7.47503
1098.0511;1.550015
1098.2876;5.624975
1098.5241;6.324985
1098.7605;9.725005
1098.997;6.850005
1099.2334;1.17499
1099.4698;6.249975
1099.7063;6.20001
1099.9427;9.149995
1100.179;8.600005
1100.4154;4.874975
1100.6518;2.725005
1100.8882;3.89997
1101.1245;4.25
1101.3609;8.300015
1101.5972;3.800015
1101.8335;6.875025
1102.0698;5.050015
1102.3061;5.000025
1102.5424;1.200035
1102.7787;2.100005
1103.015;5.925015
1103.2512;5.449985
1103.4875;5.29999
1103.7237;1
1103.9599;2.85003
1104.1962;5.17499
1104.4324;4.225005
1104.6686;1.850005
1104.9047;2.175015
1105.1409;1.574985
1105.3771;4.57501
1105.6132;3.475005
1105.8494;2.625
1106.0855;1.300015
1106.3216;4.399995
1106.5578;6.17499
1106.7939;4.725005
1107.03;7.32501
1107.266;5.574985
1107.5021;-0.70001
1107.7382;4.250025
1107.9742;2.22503
1108.2103;0.97498
1108.4463;0.774995
1108.6823;0.65002
1108.9183;0.875
1109.1543;3.174965
1109.3903;1.35003
1109.6263;1.02502
1109.8623;-2.199985
1110.0982;2.20001
1110.3342;4
1110.5701;2.04999
1110.806;-0.199985
1111.042;3.899995
1111.2779;4.82501
1111.5138;0.84998
1111.7496;3.34998
1111.9855;2.899995
1112.2214;2.074985
1112.4572;1.350005
1112.6931;2.799965
1112.9289;3.77497
1113.1647;7.125
1113.4005;2.299965
1113.6364;0.200035
1113.8721;-0.42499
1114.1079;2.59998
1114.3437;0.84998
1114.5795;0.324985
1114.8152;-0.97498
1115.0509;1.475005
1115.2867;3.17499
1115.5224;-3.70001
1115.7581;-1
1115.9938;0.774995
1116.2295;3.32501
1116.4652;0.199985
1116.7008;0.89997
1116.9365;-0.949985
1117.1721;-3.57501
1117.4078;0.574985
1117.6434;0.52502
1117.879;-0.875025
1118.1146;-0.600005
1118.3502;-4.125
1118.5858;-0.82501
1118.8214;2.100005
