Wl;L (W m-2 ste-1 nm-1);fwhm
198;2.53E-11;1.00E+00
198.24;-2.35E-11;
198.48;-6.04E-11;
198.72;-7.22E-11;
198.96;-1.05E-11;
199.2;-1.52E-10;
199.44;-2.15E-11;
199.68;3.59E-10;
199.92;5.93E-10;
200.16;5.97E-10;
200.4;4.91E-10;
200.64;4.41E-10;
200.88;5.18E-10;
201.12;6.20E-10;
201.36;5.71E-10;
201.6;5.93E-10;
201.84;7.11E-10;
202.08;7.27E-10;
202.32;7.14E-10;
202.56;6.78E-10;
202.8;5.82E-10;
203.04;5.03E-10;
203.28;5.77E-10;
203.52;5.73E-10;
203.76;5.06E-10;
204;5.82E-10;
204.24;7.27E-10;
204.48;7.17E-10;
204.72;6.24E-10;
204.96;6.18E-10;
205.2;6.49E-10;
205.44;5.65E-10;
205.68;5.81E-10;
205.92;5.59E-10;
206.16;5.12E-10;
206.4;5.13E-10;
206.64;5.24E-10;
206.88;6.36E-10;
207.12;7.58E-10;
207.36;6.16E-10;
207.6;5.42E-10;
207.84;6.29E-10;
208.08;6.12E-10;
208.32;5.87E-10;
208.56;5.90E-10;
208.8;6.27E-10;
209.04;6.97E-10;
209.28;7.75E-10;
209.52;7.87E-10;
209.76;6.68E-10;
210;6.79E-10;
210.24;6.90E-10;
210.48;6.08E-10;
210.72;5.71E-10;
210.96;5.49E-10;
211.2;5.44E-10;
211.44;5.90E-10;
211.68;6.72E-10;
211.92;7.66E-10;
212.16;7.06E-10;
212.4;7.12E-10;
212.64;6.59E-10;
212.88;6.18E-10;
213.12;6.21E-10;
213.36;6.16E-10;
213.6;6.22E-10;
213.84;7.05E-10;
214.08;6.44E-10;
214.32;6.01E-10;
214.56;6.09E-10;
214.8;5.95E-10;
215.04;6.80E-10;
215.28;7.51E-10;
215.52;7.38E-10;
215.76;6.85E-10;
216;6.41E-10;
216.24;5.37E-10;
216.48;5.08E-10;
216.72;6.39E-10;
216.96;5.84E-10;
217.2;5.97E-10;
217.44;6.29E-10;
217.68;6.50E-10;
217.92;6.30E-10;
218.16;5.52E-10;
218.4;5.89E-10;
218.64;6.27E-10;
218.88;6.13E-10;
219.12;7.26E-10;
219.36;7.22E-10;
219.6;7.61E-10;
219.84;7.30E-10;
220.08;6.54E-10;
220.32;7.42E-10;
220.56;7.63E-10;
220.8;5.49E-10;
221.04;5.69E-10;
221.28;5.64E-10;
221.52;6.15E-10;
221.76;6.06E-10;
222;5.55E-10;
222.24;5.43E-10;
222.48;6.07E-10;
222.72;7.17E-10;
222.96;6.66E-10;
223.2;6.87E-10;
223.44;6.21E-10;
223.68;5.59E-10;
223.92;5.98E-10;
224.16;6.57E-10;
224.4;6.99E-10;
224.64;7.20E-10;
224.88;6.42E-10;
225.12;7.27E-10;
225.36;7.80E-10;
225.6;6.31E-10;
225.84;5.21E-10;
226.08;5.35E-10;
226.32;5.28E-10;
226.56;5.13E-10;
226.8;5.77E-10;
227.04;6.04E-10;
227.28;5.85E-10;
227.52;7.02E-10;
227.76;7.50E-10;
228;6.96E-10;
228.24;6.68E-10;
228.48;7.11E-10;
228.72;7.41E-10;
228.96;6.75E-10;
229.2;5.31E-10;
229.44;3.80E-10;
229.68;6.52E-10;
229.92;5.84E-10;
230.16;5.47E-10;
230.4;4.83E-10;
230.64;5.07E-10;
230.88;5.85E-10;
231.12;6.69E-10;
231.36;7.52E-10;
231.6;6.28E-10;
231.84;6.90E-10;
232.08;6.68E-10;
232.32;7.14E-10;
232.56;7.29E-10;
232.8;7.16E-10;
233.04;6.50E-10;
233.28;5.78E-10;
233.52;5.60E-10;
233.76;4.89E-10;
234;4.62E-10;
234.24;5.01E-10;
234.48;4.30E-10;
234.72;4.21E-10;
234.96;5.36E-10;
235.2;5.65E-10;
235.44;5.26E-10;
235.68;6.28E-10;
235.92;7.91E-10;
236.16;6.86E-10;
236.4;5.17E-10;
236.64;6.05E-10;
236.88;5.87E-10;
237.12;6.53E-10;
237.36;6.60E-10;
237.6;6.57E-10;
237.84;7.07E-10;
238.08;6.23E-10;
238.32;5.74E-10;
238.56;5.92E-10;
238.8;6.43E-10;
239.04;6.22E-10;
239.28;6.48E-10;
239.52;6.94E-10;
239.76;6.83E-10;
240;6.56E-10;
240.24;7.07E-10;
240.48;7.05E-10;
240.72;5.55E-10;
240.96;5.86E-10;
241.2;6.87E-10;
241.44;6.86E-10;
241.68;7.36E-10;
241.92;7.84E-10;
242.16;7.40E-10;
242.4;6.79E-10;
242.64;7.20E-10;
242.88;7.02E-10;
243.12;7.56E-10;
243.36;7.22E-10;
243.6;6.35E-10;
243.84;6.13E-10;
244.08;6.05E-10;
244.32;6.15E-10;
244.56;6.75E-10;
244.8;6.95E-10;
245.04;5.74E-10;
245.28;6.01E-10;
245.52;6.15E-10;
245.76;5.83E-10;
246;6.37E-10;
246.24;7.05E-10;
246.48;6.80E-10;
246.72;6.11E-10;
246.96;6.27E-10;
247.2;6.85E-10;
247.44;7.77E-10;
247.68;6.41E-10;
247.92;6.90E-10;
248.16;7.04E-10;
248.4;6.25E-10;
248.64;6.43E-10;
248.88;7.38E-10;
249.12;7.46E-10;
249.36;7.43E-10;
249.6;7.14E-10;
249.84;8.29E-10;
250.08;8.01E-10;
250.32;7.26E-10;
250.56;6.55E-10;
250.8;6.51E-10;
251.04;7.61E-10;
251.28;8.22E-10;
251.52;6.72E-10;
251.76;7.52E-10;
252;8.97E-10;
252.24;8.10E-10;
252.48;6.72E-10;
252.72;7.54E-10;
252.96;8.35E-10;
253.2;8.23E-10;
253.44;7.29E-10;
253.68;6.03E-10;
253.92;5.90E-10;
254.16;6.27E-10;
254.4;7.42E-10;
254.64;7.99E-10;
254.88;7.84E-10;
255.12;7.89E-10;
255.36;7.50E-10;
255.6;6.69E-10;
255.84;6.81E-10;
256.08;7.98E-10;
256.32;6.72E-10;
256.56;7.41E-10;
256.8;8.72E-10;
257.04;7.02E-10;
257.28;6.96E-10;
257.52;7.23E-10;
257.76;7.62E-10;
258;8.05E-10;
258.24;7.83E-10;
258.48;8.10E-10;
258.72;7.20E-10;
258.96;7.28E-10;
259.2;7.33E-10;
259.44;6.54E-10;
259.68;6.42E-10;
259.92;6.84E-10;
260.16;6.85E-10;
260.4;6.88E-10;
260.64;8.25E-10;
260.88;9.14E-10;
261.12;8.65E-10;
261.36;7.90E-10;
261.6;8.12E-10;
261.84;8.19E-10;
262.08;7.77E-10;
262.32;7.53E-10;
262.56;7.33E-10;
262.8;6.73E-10;
263.04;7.06E-10;
263.28;8.02E-10;
263.52;6.88E-10;
263.76;7.90E-10;
264;8.78E-10;
264.24;8.43E-10;
264.48;7.98E-10;
264.72;7.72E-10;
264.96;7.62E-10;
265.2;8.10E-10;
265.44;7.30E-10;
265.68;5.67E-10;
265.92;7.01E-10;
266.16;7.16E-10;
266.4;7.51E-10;
266.64;7.18E-10;
266.88;6.87E-10;
267.12;7.40E-10;
267.36;8.14E-10;
267.6;8.08E-10;
267.84;8.57E-10;
268.08;8.05E-10;
268.32;7.58E-10;
268.56;7.76E-10;
268.8;8.28E-10;
269.04;8.62E-10;
269.28;7.62E-10;
269.52;6.27E-10;
269.76;7.20E-10;
270;9.13E-10;
270.24;9.10E-10;
270.48;7.65E-10;
270.72;7.74E-10;
270.96;6.74E-10;
271.2;5.89E-10;
271.44;5.90E-10;
271.68;6.08E-10;
271.92;6.44E-10;
272.16;7.96E-10;
272.4;7.43E-10;
272.64;7.22E-10;
272.88;7.12E-10;
273.12;7.50E-10;
273.36;7.76E-10;
273.6;7.68E-10;
273.84;7.63E-10;
274.08;7.74E-10;
274.32;8.02E-10;
274.56;8.53E-10;
274.8;6.41E-10;
275.04;6.76E-10;
275.28;7.32E-10;
275.52;8.55E-10;
275.76;8.92E-10;
276;9.01E-10;
276.24;8.99E-10;
276.48;8.55E-10;
276.72;8.06E-10;
276.96;8.02E-10;
277.2;7.53E-10;
277.44;8.20E-10;
277.68;7.75E-10;
277.92;7.63E-10;
278.16;7.34E-10;
278.4;7.30E-10;
278.64;8.17E-10;
278.88;8.81E-10;
279.12;7.35E-10;
279.36;7.27E-10;
279.6;8.52E-10;
279.84;9.61E-10;
280.08;8.87E-10;
280.32;8.58E-10;
280.56;9.28E-10;
280.8;9.04E-10;
281.04;8.05E-10;
281.28;8.41E-10;
281.52;9.30E-10;
281.76;8.45E-10;
282;8.49E-10;
282.24;7.87E-10;
282.48;7.22E-10;
282.72;7.41E-10;
282.96;7.87E-10;
283.2;8.03E-10;
283.44;8.10E-10;
283.68;8.33E-10;
283.92;8.29E-10;
284.16;9.65E-10;
284.4;9.39E-10;
284.64;8.01E-10;
284.88;7.50E-10;
285.12;7.70E-10;
285.36;8.33E-10;
285.6;8.71E-10;
285.84;8.41E-10;
286.08;8.15E-10;
286.32;8.77E-10;
286.56;7.44E-10;
286.8;6.75E-10;
287.04;8.55E-10;
287.28;7.97E-10;
287.52;7.71E-10;
287.76;8.06E-10;
288;8.59E-10;
288.24;8.90E-10;
288.48;8.21E-10;
288.72;8.03E-10;
288.96;7.52E-10;
289.2;7.45E-10;
289.44;7.21E-10;
289.68;7.83E-10;
289.92;7.68E-10;
290.16;7.15E-10;
290.4;7.25E-10;
290.64;7.80E-10;
290.88;8.10E-10;
291.12;8.63E-10;
291.36;8.65E-10;
291.6;7.41E-10;
291.84;7.35E-10;
292.08;8.33E-10;
292.32;8.52E-10;
292.56;8.59E-10;
292.8;8.62E-10;
293.04;7.67E-10;
293.28;6.99E-10;
293.52;7.33E-10;
293.76;7.71E-10;
294;7.79E-10;
294.24;7.81E-10;
294.48;8.28E-10;
294.72;8.38E-10;
294.96;8.34E-10;
295.2;9.27E-10;
295.44;1.07E-09;
295.68;1.03E-09;
295.92;1.03E-09;
296.16;1.05E-09;
296.4;1.06E-09;
296.64;9.84E-10;
296.88;9.77E-10;
297.12;9.33E-10;
297.36;8.33E-10;
297.6;8.30E-10;
297.84;9.55E-10;
298.08;9.24E-10;
298.32;8.61E-10;
298.56;9.02E-10;
298.8;8.76E-10;
299.04;1.01E-09;
299.28;1.03E-09;
299.52;9.66E-10;
299.76;9.70E-10;
300;1.01E-09;
300.24;9.68E-10;
300.48;1.01E-09;
300.72;1.08E-09;
300.96;1.02E-09;
301.2;1.07E-09;
301.44;9.83E-10;
301.68;9.52E-10;
301.92;9.44E-10;
302.16;8.91E-10;
302.4;8.48E-10;
302.64;8.67E-10;
302.88;8.58E-10;
303.12;1.01E-09;
303.36;9.74E-10;
303.6;9.04E-10;
303.84;9.24E-10;
304.08;9.66E-10;
304.32;1.05E-09;
304.56;1.09E-09;
304.8;1.05E-09;
305.04;1.02E-09;
305.28;9.78E-10;
305.52;9.90E-10;
305.76;1.01E-09;
306;1.00E-09;
306.24;1.04E-09;
306.48;1.06E-09;
306.72;1.02E-09;
306.96;1.01E-09;
307.2;1.04E-09;
307.44;9.99E-10;
307.68;9.77E-10;
307.92;8.99E-10;
308.16;9.88E-10;
308.4;1.06E-09;
308.64;1.01E-09;
308.88;1.02E-09;
309.12;1.07E-09;
309.36;1.13E-09;
309.6;1.14E-09;
309.84;1.11E-09;
310.08;1.17E-09;
310.32;1.16E-09;
310.56;1.06E-09;
310.8;1.03E-09;
311.04;1.12E-09;
311.28;1.17E-09;
311.52;1.23E-09;
311.76;1.16E-09;
312;1.07E-09;
312.24;1.15E-09;
312.48;1.20E-09;
312.72;1.23E-09;
312.96;1.28E-09;
313.2;1.26E-09;
313.44;1.27E-09;
313.68;1.16E-09;
313.92;1.16E-09;
314.16;1.22E-09;
314.4;1.21E-09;
314.64;1.21E-09;
314.88;1.30E-09;
315.12;1.20E-09;
315.36;1.24E-09;
315.6;1.37E-09;
315.84;1.33E-09;
316.08;1.34E-09;
316.32;1.38E-09;
316.56;1.44E-09;
316.8;1.48E-09;
317.04;1.50E-09;
317.28;1.48E-09;
317.52;1.34E-09;
317.76;1.32E-09;
318;1.49E-09;
318.24;1.51E-09;
318.48;1.47E-09;
318.72;1.38E-09;
318.96;1.35E-09;
319.2;1.38E-09;
319.44;1.42E-09;
319.68;1.53E-09;
319.92;1.56E-09;
320.16;1.48E-09;
320.4;1.57E-09;
320.64;1.53E-09;
320.88;1.38E-09;
321.12;1.38E-09;
321.36;1.45E-09;
321.6;1.46E-09;
321.84;1.44E-09;
322.08;1.47E-09;
322.32;1.57E-09;
322.56;1.60E-09;
322.8;1.55E-09;
323.04;1.66E-09;
323.28;1.66E-09;
323.52;1.58E-09;
323.76;1.56E-09;
324;1.58E-09;
324.24;1.57E-09;
324.48;1.58E-09;
324.72;1.61E-09;
324.96;1.60E-09;
325.2;1.68E-09;
325.44;1.68E-09;
325.68;1.67E-09;
325.92;1.68E-09;
326.16;1.60E-09;
326.4;1.57E-09;
326.64;1.66E-09;
326.88;1.65E-09;
327.12;1.60E-09;
327.36;1.65E-09;
327.6;1.69E-09;
327.84;1.73E-09;
328.08;1.87E-09;
328.32;1.77E-09;
328.56;1.73E-09;
328.8;1.83E-09;
329.04;1.84E-09;
329.28;1.74E-09;
329.52;1.75E-09;
329.76;1.86E-09;
330;1.96E-09;
330.24;2.07E-09;
330.48;2.09E-09;
330.72;2.26E-09;
330.96;2.25E-09;
331.2;2.26E-09;
331.44;2.29E-09;
331.68;2.26E-09;
331.92;2.33E-09;
332.16;2.42E-09;
332.4;2.59E-09;
332.64;2.69E-09;
332.88;2.84E-09;
333.12;2.96E-09;
333.36;3.04E-09;
333.6;3.00E-09;
333.84;2.89E-09;
334.08;2.87E-09;
334.32;2.95E-09;
334.56;2.98E-09;
334.8;3.23E-09;
335.04;3.42E-09;
335.28;3.49E-09;
335.52;3.74E-09;
335.76;3.86E-09;
336;4.04E-09;
336.24;4.25E-09;
336.48;4.48E-09;
336.72;4.77E-09;
336.96;5.03E-09;
337.2;5.11E-09;
337.44;5.27E-09;
337.68;5.46E-09;
337.92;5.75E-09;
338.16;6.03E-09;
338.4;6.03E-09;
338.64;6.12E-09;
338.88;6.26E-09;
339.12;6.27E-09;
339.36;6.31E-09;
339.6;6.51E-09;
339.84;6.90E-09;
340.08;7.24E-09;
340.32;7.55E-09;
340.56;7.61E-09;
340.8;7.75E-09;
341.04;7.91E-09;
341.28;8.01E-09;
341.52;7.99E-09;
341.76;7.78E-09;
342;7.51E-09;
342.24;7.43E-09;
342.48;7.47E-09;
342.72;7.81E-09;
342.96;8.52E-09;
343.2;9.07E-09;
343.44;9.36E-09;
343.68;9.41E-09;
343.92;9.36E-09;
344.16;9.41E-09;
344.4;9.65E-09;
344.64;9.97E-09;
344.88;1.03E-08;
345.12;1.04E-08;
345.36;1.02E-08;
345.6;1.01E-08;
345.84;1.02E-08;
346.08;1.05E-08;
346.32;1.08E-08;
346.56;1.09E-08;
346.8;1.11E-08;
347.04;1.12E-08;
347.28;1.11E-08;
347.52;1.12E-08;
347.76;1.15E-08;
348;1.20E-08;
348.24;1.27E-08;
348.48;1.32E-08;
348.72;1.33E-08;
348.96;1.30E-08;
349.2;1.27E-08;
349.44;1.24E-08;
349.68;1.25E-08;
349.92;1.29E-08;
350.16;0.16744911;
350.4;0.16330543;
350.64;0.15796968;
350.88;0.15773085;
351.12;0.16475564;
351.36;0.17304109;
351.6;0.17982959;
351.84;0.18600511;
352.08;0.18937789;
352.32;0.18919941;
352.56;0.19347337;
352.8;0.19357093;
353.04;0.19219336;
353.28;0.19176576;
353.52;0.18816401;
353.76;0.18363026;
354;0.17989975;
354.24;0.17705908;
354.48;0.1745767;
354.72;0.17098101;
354.96;0.1660774;
355.2;0.16344701;
355.44;0.1586243;
355.68;0.15876273;
355.92;0.15982304;
356.16;0.16179877;
356.4;0.15896846;
356.64;0.15401415;
356.88;0.15474231;
357.12;0.16302574;
357.36;0.17638931;
357.6;0.19171416;
357.84;0.20102143;
358.08;0.20343073;
358.32;0.20061846;
358.56;0.19213864;
358.8;0.18059102;
359.04;0.17152358;
359.28;0.16791001;
359.52;0.16819504;
359.76;0.16941792;
360;0.17021579;
360.24;0.16927854;
360.48;0.17561561;
360.72;0.18331223;
360.96;0.18887296;
361.2;0.18628196;
361.44;0.17994601;
361.68;0.17676921;
361.92;0.1798447;
362.16;0.18588947;
362.4;0.18814891;
362.64;0.18627901;
362.88;0.18251653;
363.12;0.18506238;
363.36;0.19252236;
363.6;0.20278217;
363.84;0.21024614;
364.08;0.21224574;
364.32;0.21125387;
364.56;0.20856255;
364.8;0.20343458;
365.04;0.19926958;
365.28;0.19807697;
365.52;0.19932613;
365.76;0.19722144;
366;0.19190893;
366.24;0.18701688;
366.48;0.18723779;
366.72;0.18970275;
366.96;0.19267887;
367.2;0.19756636;
367.44;0.20390329;
367.68;0.2086194;
367.92;0.21145636;
368.16;0.21116279;
368.4;0.2067972;
368.64;0.19894355;
368.88;0.19355157;
369.12;0.19401494;
369.36;0.19994082;
369.6;0.20589143;
369.84;0.2053446;
370.08;0.19670405;
370.32;0.18504984;
370.56;0.18038273;
370.8;0.18324111;
371.04;0.18519451;
371.28;0.18077713;
371.52;0.1716554;
371.76;0.16384505;
372;0.1633915;
372.24;0.1690393;
372.48;0.1744956;
372.72;0.17531073;
372.96;0.17062782;
373.2;0.1740503;
373.44;0.18797431;
373.68;0.20155628;
373.92;0.20794457;
374.16;0.20693342;
374.4;0.20644686;
374.64;0.20849146;
374.88;0.21236136;
375.12;0.21891813;
375.36;0.22869594;
375.6;0.24078828;
375.84;0.24908612;
376.08;0.25555564;
376.32;0.25831727;
376.56;0.25292142;
376.8;0.24391574;
377.04;0.23247359;
377.28;0.22143175;
377.52;0.21453134;
377.76;0.21215675;
378;0.21156088;
378.24;0.21383105;
378.48;0.22759866;
378.72;0.2346794;
378.96;0.23528718;
379.2;0.2306614;
379.44;0.22291044;
379.68;0.21064087;
379.92;0.19507988;
380.16;0.18148592;
380.4;0.17242569;
380.64;0.16419214;
380.88;0.15582457;
381.12;0.14782589;
381.36;0.14788005;
381.6;0.14960565;
381.84;0.15327378;
382.08;0.16044046;
382.32;0.17066649;
382.56;0.18381362;
382.8;0.19804635;
383.04;0.20746421;
383.28;0.20652448;
383.52;0.2001881;
383.76;0.19901833;
384;0.19163156;
384.24;0.19165464;
384.48;0.19636559;
384.72;0.2000468;
384.96;0.20123785;
385.2;0.19881607;
385.44;0.19442568;
385.68;0.19246015;
385.92;0.19389574;
386.16;0.19274105;
386.4;0.18765456;
386.64;0.18781968;
386.88;0.19158059;
387.12;0.19652705;
387.36;0.20243074;
387.6;0.21159603;
387.84;0.21974153;
388.08;0.22167897;
388.32;0.21888961;
388.56;0.21703712;
388.8;0.2170571;
389.04;0.2195751;
389.28;0.22265805;
389.52;0.22378665;
389.76;0.22324897;
390;0.21202759;
390.24;0.19806716;
390.48;0.18273909;
390.72;0.1657553;
390.96;0.147793;
391.2;0.1289132;
391.44;0.11376471;
391.68;0.10695332;
391.92;0.11564145;
392.16;0.13365731;
392.4;0.15455927;
392.64;0.17221283;
392.88;0.18749978;
393.12;0.20051675;
393.36;0.20864678;
393.6;0.21006053;
393.84;0.20539151;
394.08;0.19523587;
394.32;0.17987088;
394.56;0.1582771;
394.8;0.14029336;
395.04;0.12885411;
395.28;0.13102598;
395.52;0.14569048;
395.76;0.16997062;
396;0.19824487;
396.24;0.22218419;
396.48;0.23731656;
396.72;0.24759156;
396.96;0.25570098;
397.2;0.2610722;
397.44;0.2616195;
397.68;0.26517914;
397.92;0.26959884;
398.16;0.27222389;
398.4;0.2730735;
398.64;0.27477067;
398.88;0.2770581;
399.12;0.27935949;
399.36;0.28412135;
399.6;0.28839717;
399.84;0.2922664;
400.08;0.29197977;
400.32;0.29180099;
400.56;0.2935063;
400.8;0.29542186;
401.04;0.29522641;
401.28;0.29141911;
401.52;0.28628963;
401.76;0.28770483;
402;0.29887482;
402.24;0.30637222;
402.48;0.30712417;
402.72;0.30164271;
402.96;0.29481535;
403.2;0.30208434;
403.44;0.3135129;
403.68;0.31721346;
403.92;0.31387349;
404.16;0.3107458;
404.4;0.31177846;
404.64;0.3145457;
404.88;0.31542151;
405.12;0.31732143;
405.36;0.32901551;
405.6;0.3321306;
405.84;0.3318943;
406.08;0.32997322;
406.32;0.33764531;
406.56;0.34935266;
406.8;0.35763453;
407.04;0.35925223;
407.28;0.3580998;
407.52;0.35794045;
407.76;0.34616224;
408;0.32964071;
408.24;0.31525019;
408.48;0.30611808;
408.72;0.31318357;
408.96;0.32420982;
409.2;0.33362182;
409.44;0.34389181;
409.68;0.35355872;
409.92;0.35822327;
410.16;0.35728192;
410.4;0.35336348;
410.64;0.35055829;
410.88;0.34871477;
411.12;0.34517372;
411.36;0.33991106;
411.6;0.33634347;
411.84;0.33892359;
412.08;0.34345046;
412.32;0.34625891;
412.56;0.34578572;
412.8;0.34304885;
413.04;0.34124564;
413.28;0.33935929;
413.52;0.33913805;
413.76;0.34055096;
414;0.33749671;
414.24;0.34447525;
414.48;0.35252471;
414.72;0.35837057;
414.96;0.35746264;
415.2;0.34845568;
415.44;0.33793726;
415.68;0.33297955;
415.92;0.33165337;
416.16;0.33375435;
416.4;0.33657135;
416.64;0.33773893;
416.88;0.33907206;
417.12;0.34354786;
417.36;0.34584488;
417.6;0.34584109;
417.84;0.34381246;
418.08;0.34090985;
418.32;0.3393679;
418.56;0.3409873;
418.8;0.34818897;
419.04;0.36070812;
419.28;0.36781074;
419.52;0.36797211;
419.76;0.36602966;
420;0.35670265;
420.24;0.35121748;
420.48;0.34605426;
420.72;0.33658529;
420.96;0.32702091;
421.2;0.3244553;
421.44;0.33097554;
421.68;0.34271072;
421.92;0.34698286;
422.16;0.34710084;
422.4;0.35095172;
422.64;0.34930379;
422.88;0.34972304;
423.12;0.35068673;
423.36;0.34835866;
423.6;0.34457022;
423.84;0.34198224;
424.08;0.34157535;
424.32;0.34635682;
424.56;0.34739237;
424.8;0.34463971;
425.04;0.34444004;
425.28;0.33797478;
425.52;0.33091159;
425.76;0.32382958;
426;0.32352915;
426.24;0.33087298;
426.48;0.33752935;
426.72;0.33588601;
426.96;0.32798489;
427.2;0.32006688;
427.44;0.3088448;
427.68;0.30270675;
427.92;0.2956874;
428.16;0.28092922;
428.4;0.26441233;
428.64;0.25363502;
428.88;0.25031311;
429.12;0.2538874;
429.36;0.26558107;
429.6;0.28527097;
429.84;0.30960548;
430.08;0.33727358;
430.32;0.35172786;
430.56;0.35060896;
430.8;0.33927919;
431.04;0.33546279;
431.28;0.33935351;
431.52;0.34324428;
431.76;0.34207936;
432;0.33316933;
432.24;0.31852932;
432.48;0.30848932;
432.72;0.31384922;
432.96;0.32708439;
433.2;0.3361887;
433.44;0.33940778;
433.68;0.33997978;
433.92;0.34112381;
434.16;0.34763838;
434.4;0.35353124;
434.64;0.35835219;
434.88;0.36282704;
435.12;0.36349641;
435.36;0.35782273;
435.6;0.34944991;
435.84;0.34080488;
436.08;0.33611856;
436.32;0.33169172;
436.56;0.325706;
436.8;0.31920995;
437.04;0.32234727;
437.28;0.33334136;
437.52;0.34311971;
437.76;0.35162589;
438;0.36082503;
438.24;0.36565547;
438.48;0.36432493;
438.72;0.36038533;
438.96;0.36198395;
439.2;0.36292255;
439.44;0.37457768;
439.68;0.379036;
439.92;0.38417513;
440.16;0.38749353;
440.4;0.38587901;
440.64;0.38352697;
440.88;0.38212957;
441.12;0.37888002;
441.36;0.37706334;
441.6;0.37389528;
441.84;0.3753613;
442.08;0.37894647;
442.32;0.37986019;
442.56;0.37632375;
442.8;0.38063458;
443.04;0.38397439;
443.28;0.38638473;
443.52;0.38309733;
443.76;0.37240292;
444;0.36528416;
444.24;0.36397647;
444.48;0.36295033;
444.72;0.3682139;
444.96;0.37932493;
445.2;0.38934834;
445.44;0.39371293;
445.68;0.4004762;
445.92;0.40787979;
446.16;0.41102683;
446.4;0.4099115;
446.64;0.40888331;
446.88;0.40824076;
447.12;0.40390159;
447.36;0.40469336;
447.6;0.41013459;
447.84;0.40684952;
448.08;0.40430174;
448.32;0.40911629;
448.56;0.41542874;
448.8;0.42473166;
449.04;0.43035148;
449.28;0.42985852;
449.52;0.42479109;
449.76;0.41802389;
450;0.4155405;
450.24;0.41253466;
450.48;0.4120832;
450.72;0.40729653;
450.96;0.39585059;
451.2;0.39304276;
451.44;0.390742;
451.68;0.39489346;
451.92;0.40331286;
452.16;0.41195495;
452.4;0.41881447;
452.64;0.42366894;
452.88;0.42715603;
453.12;0.42549125;
453.36;0.42007519;
453.6;0.42098412;
453.84;0.42380879;
454.08;0.43056043;
454.32;0.43243046;
454.56;0.43627174;
454.8;0.44085183;
455.04;0.44078783;
455.28;0.43632157;
455.52;0.4333265;
455.76;0.43352163;
456;0.43168767;
456.24;0.43639959;
456.48;0.42578517;
456.72;0.41880755;
456.96;0.41794984;
457.2;0.41620471;
457.44;0.4169901;
457.68;0.41938113;
457.92;0.42114349;
458.16;0.42034685;
458.4;0.41962246;
458.64;0.42324323;
458.88;0.42858055;
459.12;0.43725445;
459.36;0.44211674;
459.6;0.43577237;
459.84;0.43415491;
460.08;0.43754131;
460.32;0.43743826;
460.56;0.43837497;
460.8;0.44301527;
461.04;0.44501977;
461.28;0.44241001;
461.52;0.43968552;
461.76;0.43769096;
462;0.43933775;
462.24;0.42757931;
462.48;0.42477867;
462.72;0.42204087;
462.96;0.42060478;
463.2;0.41831387;
463.44;0.42023789;
463.68;0.42671377;
463.92;0.4313565;
464.16;0.43522319;
464.4;0.43777743;
464.64;0.43184332;
464.88;0.42690777;
465.12;0.41915249;
465.36;0.42141972;
465.6;0.42238994;
465.84;0.42541259;
466.08;0.42891286;
466.32;0.42824783;
466.56;0.4293421;
466.8;0.43158939;
467.04;0.43284371;
467.28;0.43265491;
467.52;0.43185879;
467.76;0.43248856;
468;0.42971238;
468.24;0.42401637;
468.48;0.41528966;
468.72;0.41328253;
468.96;0.4133869;
469.2;0.41251422;
469.44;0.41745789;
469.68;0.42364419;
469.92;0.42938714;
470.16;0.43506449;
470.4;0.43929449;
470.64;0.44087595;
470.88;0.43806915;
471.12;0.4353458;
471.36;0.42978288;
471.6;0.42029088;
471.84;0.41961056;
472.08;0.42354752;
472.32;0.42543312;
472.56;0.42908183;
472.8;0.43305534;
473.04;0.43523173;
473.28;0.43601643;
473.52;0.43521139;
473.76;0.43141073;
474;0.42531559;
474.24;0.42453243;
474.48;0.4230747;
474.72;0.42145554;
474.96;0.42017345;
475.2;0.42133974;
475.44;0.42471174;
475.68;0.43075843;
475.92;0.43699526;
476.16;0.44181248;
476.4;0.44416553;
476.64;0.44232508;
476.88;0.43780967;
477.12;0.4316666;
477.36;0.43128657;
477.6;0.4342367;
477.84;0.43791968;
478.08;0.43991481;
478.32;0.43922565;
478.56;0.43642559;
478.8;0.4342058;
479.04;0.43368315;
479.28;0.43431891;
479.52;0.43554893;
479.76;0.4376314;
480;0.4411646;
480.24;0.44288138;
480.48;0.44190946;
480.72;0.43908134;
480.96;0.43672266;
481.2;0.43444026;
481.44;0.43321341;
481.68;0.43345627;
481.92;0.43295711;
482.16;0.43149968;
482.4;0.42945098;
482.64;0.42701509;
482.88;0.42640705;
483.12;0.42728056;
483.36;0.42370969;
483.6;0.41655904;
483.84;0.40570877;
484.08;0.38725128;
484.32;0.36746916;
484.56;0.35227991;
484.8;0.34854154;
485.04;0.35681717;
485.28;0.37018061;
485.52;0.38081575;
485.76;0.38719283;
486;0.39368153;
486.24;0.40150549;
486.48;0.40755421;
486.72;0.40793227;
486.96;0.40467047;
487.2;0.39993249;
487.44;0.39584317;
487.68;0.39708447;
487.92;0.40554374;
488.16;0.41555232;
488.4;0.4210462;
488.64;0.4217185;
488.88;0.41981181;
489.12;0.41586996;
489.36;0.41247155;
489.6;0.40801748;
489.84;0.4045978;
490.08;0.4015294;
490.32;0.39423893;
490.56;0.38769281;
490.8;0.39037537;
491.04;0.40011008;
491.28;0.41026279;
491.52;0.41737144;
491.76;0.41942406;
492;0.41604463;
492.24;0.4132096;
492.48;0.41562172;
492.72;0.42108212;
492.96;0.42690478;
493.2;0.43153568;
493.44;0.43189479;
493.68;0.42978162;
493.92;0.42469609;
494.16;0.41847663;
494.4;0.41613622;
494.64;0.41869103;
494.88;0.42288703;
495.12;0.42503173;
495.36;0.42360406;
495.6;0.42398784;
495.84;0.42473315;
496.08;0.42443623;
496.32;0.41892656;
496.56;0.41122799;
496.8;0.40623817;
497.04;0.40497413;
497.28;0.40904719;
497.52;0.41596906;
497.76;0.42128125;
498;0.42313301;
498.24;0.4221251;
498.48;0.41819849;
498.72;0.4115648;
498.96;0.4063282;
499.2;0.40502793;
499.44;0.40487497;
499.68;0.40369712;
499.92;0.40210633;
500.16;0.40060816;
500.4;0.40144596;
500.64;0.40513228;
500.88;0.40924697;
501.12;0.41236606;
501.36;0.41568952;
501.6;0.41929257;
501.84;0.41979824;
502.08;0.41452378;
502.32;0.40660919;
502.56;0.39969149;
502.8;0.39938423;
503.04;0.40532156;
503.28;0.40932215;
503.52;0.41046307;
503.76;0.41142361;
504;0.41506167;
504.24;0.41964786;
504.48;0.42127377;
504.72;0.41956018;
504.96;0.4156274;
505.2;0.41184405;
505.44;0.40884282;
505.68;0.40574599;
505.92;0.40470464;
506.16;0.4010655;
506.4;0.39709017;
506.64;0.39666864;
506.88;0.39890943;
507.12;0.40458546;
507.36;0.41165836;
507.6;0.41667079;
507.84;0.41873803;
508.08;0.41573809;
508.32;0.41023752;
508.56;0.40884877;
508.8;0.40847091;
509.04;0.40778534;
509.28;0.40853266;
509.52;0.41001197;
509.76;0.41305615;
510;0.41702024;
510.24;0.41846864;
510.48;0.41757697;
510.72;0.41406566;
510.96;0.40739512;
511.2;0.40252985;
511.44;0.39982372;
511.68;0.3985873;
511.92;0.40094999;
512.16;0.39710909;
512.4;0.3939245;
512.64;0.39045889;
512.88;0.39014856;
513.12;0.39125603;
513.36;0.39371963;
513.6;0.39572933;
513.84;0.39683199;
514.08;0.39822564;
514.32;0.39855298;
514.56;0.39520089;
514.8;0.38515061;
515.04;0.36668413;
515.28;0.34710039;
515.52;0.33468432;
515.76;0.33321293;
516;0.34363122;
516.24;0.35775119;
516.48;0.36413839;
516.72;0.36007854;
516.96;0.35323992;
517.2;0.35288139;
517.44;0.36000569;
517.68;0.3683535;
517.92;0.3746337;
518.16;0.37882803;
518.4;0.38401257;
518.64;0.38648829;
518.88;0.38614561;
519.12;0.38254851;
519.36;0.38096231;
519.6;0.38327189;
519.84;0.38690395;
520.08;0.38981199;
520.32;0.39188346;
520.56;0.39263668;
520.8;0.3908434;
521.04;0.38641676;
521.28;0.38013662;
521.52;0.37876465;
521.76;0.38164951;
522;0.38860721;
522.24;0.39587147;
522.48;0.40267579;
522.72;0.40803343;
522.96;0.4094363;
523.2;0.40767657;
523.44;0.40564069;
523.68;0.40406273;
523.92;0.40292902;
524.16;0.40375139;
524.4;0.40400215;
524.64;0.39524855;
524.88;0.38120126;
525.12;0.36615285;
525.36;0.35880151;
525.6;0.35896351;
525.84;0.36628611;
526.08;0.37705173;
526.32;0.38657001;
526.56;0.39248874;
526.8;0.39562956;
527.04;0.39922674;
527.28;0.40489297;
527.52;0.41057193;
527.76;0.41448113;
528;0.41170599;
528.24;0.40402894;
528.48;0.39936806;
528.72;0.39939803;
528.96;0.40389725;
529.2;0.41073615;
529.44;0.41454253;
529.68;0.41628871;
529.92;0.41616278;
530.16;0.41361357;
530.4;0.41018447;
530.64;0.40627426;
530.88;0.39934306;
531.12;0.39119574;
531.36;0.38575091;
531.6;0.38819849;
531.84;0.3966778;
532.08;0.40640229;
532.32;0.40950848;
532.56;0.40943523;
532.8;0.40922078;
533.04;0.41005075;
533.28;0.41133758;
533.52;0.41268768;
533.76;0.41548899;
534;0.42048649;
534.24;0.42478748;
534.48;0.4243725;
534.72;0.41985703;
534.96;0.41188959;
535.2;0.40399696;
535.44;0.39699763;
535.68;0.39425402;
535.92;0.39799516;
536.16;0.40474636;
536.4;0.40848905;
536.64;0.40970843;
536.88;0.41090902;
537.12;0.41211671;
537.36;0.41158255;
537.6;0.40829312;
537.84;0.40554834;
538.08;0.40094685;
538.32;0.3973667;
538.56;0.39674048;
538.8;0.39595461;
539.04;0.39176663;
539.28;0.39027042;
539.52;0.39140329;
539.76;0.39539939;
540;0.4007525;
540.24;0.40570671;
540.48;0.40822937;
540.72;0.4071898;
540.96;0.40488069;
541.2;0.40299714;
541.44;0.40207032;
541.68;0.39959401;
541.92;0.3968951;
542.16;0.3984258;
542.4;0.403246;
542.64;0.40730545;
542.88;0.40678088;
543.12;0.40335872;
543.36;0.40084516;
543.6;0.4011029;
543.84;0.40258694;
544.08;0.4028695;
544.32;0.40187207;
544.56;0.40123237;
544.8;0.4022119;
545.04;0.40041436;
545.28;0.40206237;
545.52;0.4030234;
545.76;0.40145563;
546;0.39831148;
546.24;0.39418647;
546.48;0.39258843;
546.72;0.39504021;
546.96;0.39843881;
547.2;0.40150193;
547.44;0.40431052;
547.68;0.40509898;
547.92;0.40512837;
548.16;0.40445706;
548.4;0.40351961;
548.64;0.40227728;
548.88;0.40128708;
549.12;0.40032182;
549.36;0.39932751;
549.6;0.39897143;
549.84;0.39875097;
550.08;0.39982751;
550.32;0.40232658;
550.56;0.40404907;
550.8;0.40361053;
551.04;0.40135291;
551.28;0.3976881;
551.52;0.39529102;
551.76;0.39540654;
552;0.39769834;
552.24;0.39906411;
552.48;0.40137514;
552.72;0.40307294;
552.96;0.40321461;
553.2;0.40469168;
553.44;0.40493445;
553.68;0.40468427;
553.92;0.40367687;
554.16;0.40243076;
554.4;0.40153994;
554.64;0.39897637;
554.88;0.39676189;
555.12;0.39380289;
555.36;0.39110436;
555.6;0.39054438;
555.84;0.38977678;
556.08;0.39147329;
556.32;0.3940739;
556.56;0.39634331;
556.8;0.39641914;
557.04;0.39257602;
557.28;0.38649906;
557.52;0.3824926;
557.76;0.38237532;
558;0.3841709;
558.24;0.38607748;
558.48;0.38737925;
558.72;0.38642443;
558.96;0.38794253;
559.2;0.39448854;
559.44;0.3999918;
559.68;0.40057372;
559.92;0.39529517;
560.16;0.38857033;
560.4;0.38529974;
560.64;0.38571529;
560.88;0.38680354;
561.12;0.38783472;
561.36;0.39007573;
561.6;0.39288989;
561.84;0.39438695;
562.08;0.3929032;
562.32;0.38837958;
562.56;0.3875399;
562.8;0.388387;
563.04;0.38963782;
563.28;0.39195749;
563.52;0.39269517;
563.76;0.39157841;
564;0.38835196;
564.24;0.38434922;
564.48;0.38100098;
564.72;0.38000723;
564.96;0.38174821;
565.2;0.38461633;
565.44;0.38892388;
565.68;0.3929098;
565.92;0.3949998;
566.16;0.39595753;
566.4;0.39506327;
566.64;0.3925571;
566.88;0.38821841;
567.12;0.386024;
567.36;0.38371516;
567.6;0.38420702;
567.84;0.38724197;
568.08;0.38983658;
568.32;0.39017696;
568.56;0.38867996;
568.8;0.38642233;
569.04;0.38274443;
569.28;0.37902457;
569.52;0.37599499;
569.76;0.37364199;
570;0.3779941;
570.24;0.38355755;
570.48;0.38854608;
570.72;0.39376513;
570.96;0.3959212;
571.2;0.39578874;
571.44;0.39479429;
571.68;0.39319021;
571.92;0.3918797;
572.16;0.39166182;
572.4;0.39160861;
572.64;0.391369;
572.88;0.39130279;
573.12;0.39070617;
573.36;0.3874428;
573.6;0.38619725;
573.84;0.38345742;
574.08;0.38173533;
574.32;0.38379854;
574.56;0.38553219;
574.8;0.38598807;
575.04;0.38751059;
575.28;0.38978871;
575.52;0.39131073;
575.76;0.39168683;
576;0.3905964;
576.24;0.38928127;
576.48;0.38822995;
576.72;0.38411084;
576.96;0.38058678;
577.2;0.37986513;
577.44;0.38023213;
577.68;0.3831142;
577.92;0.3860863;
578.16;0.38798974;
578.4;0.3889489;
578.64;0.38981836;
578.88;0.38995557;
579.12;0.38901114;
579.36;0.38800376;
579.6;0.38801358;
579.84;0.38932984;
580.08;0.38949012;
580.32;0.38903051;
580.56;0.38955292;
580.8;0.39130307;
581.04;0.39295656;
581.28;0.39315028;
581.52;0.39376039;
581.76;0.39395203;
582;0.39327318;
582.24;0.39276352;
582.48;0.39306734;
582.72;0.39355758;
582.96;0.39378319;
583.2;0.39328789;
583.44;0.39088195;
583.68;0.38804918;
583.92;0.38630178;
584.16;0.38251575;
584.4;0.37860282;
584.64;0.37781416;
584.88;0.38099797;
585.12;0.38341293;
585.36;0.38664071;
585.6;0.38826198;
585.84;0.3889711;
586.08;0.38949583;
586.32;0.38890584;
586.56;0.38720782;
586.8;0.38393795;
587.04;0.37762723;
587.28;0.36968826;
587.52;0.35683227;
587.76;0.34399549;
588;0.34080358;
588.24;0.34263356;
588.48;0.35076818;
588.72;0.36156395;
588.96;0.37020015;
589.2;0.37533423;
589.44;0.37852239;
589.68;0.37911616;
589.92;0.37807172;
590.16;0.37718905;
590.4;0.37690216;
590.64;0.37726427;
590.88;0.37817046;
591.12;0.3792525;
591.36;0.38002587;
591.6;0.37787886;
591.84;0.37692364;
592.08;0.37771615;
592.32;0.37896574;
592.56;0.37983318;
592.8;0.37889163;
593.04;0.37721705;
593.28;0.37576235;
593.52;0.37415058;
593.76;0.37356946;
594;0.37476887;
594.24;0.37635573;
594.48;0.37738724;
594.72;0.37829625;
594.96;0.38064592;
595.2;0.3809425;
595.44;0.3796288;
595.68;0.37928782;
595.92;0.37855901;
596.16;0.3769471;
596.4;0.37542075;
596.64;0.37369669;
596.88;0.37309724;
597.12;0.37150049;
597.36;0.37064204;
597.6;0.3719573;
597.84;0.37448762;
598.08;0.37635363;
598.32;0.37555402;
598.56;0.37452206;
598.8;0.37445762;
599.04;0.37222489;
599.28;0.37131449;
599.52;0.370585;
599.76;0.37049353;
600;0.36997547;
600.24;0.36888702;
600.48;0.36732101;
600.72;0.36575514;
600.96;0.36561649;
601.2;0.3674581;
601.44;0.37015108;
601.68;0.37310003;
601.92;0.37569049;
602.16;0.37634164;
602.4;0.37652455;
602.64;0.37707466;
602.88;0.37631912;
603.12;0.37536492;
603.36;0.37527937;
603.6;0.37484304;
603.84;0.37337628;
604.08;0.37321838;
604.32;0.37332132;
604.56;0.37306317;
604.8;0.37299927;
605.04;0.37274309;
605.28;0.37213354;
605.52;0.37275839;
605.76;0.37486583;
606;0.37570692;
606.24;0.37448037;
606.48;0.37219275;
606.72;0.36970284;
606.96;0.36883036;
607.2;0.36923627;
607.44;0.3684017;
607.68;0.36893538;
607.92;0.36827151;
608.16;0.36898343;
608.4;0.36909315;
608.64;0.36750267;
608.88;0.36523847;
609.12;0.36390556;
609.36;0.36504359;
609.6;0.36789839;
609.84;0.36978954;
610.08;0.37074028;
610.32;0.37030017;
610.56;0.36833377;
610.8;0.365105;
611.04;0.36335395;
611.28;0.36400272;
611.52;0.36534656;
611.76;0.36580183;
612;0.36345272;
612.24;0.3606142;
612.48;0.35760767;
612.72;0.35720244;
612.96;0.36050526;
613.2;0.36415793;
613.44;0.36598681;
613.68;0.36672463;
613.92;0.36577499;
614.16;0.36322478;
614.4;0.35925774;
614.64;0.35587353;
614.88;0.35128939;
615.12;0.34930526;
615.36;0.34969;
615.6;0.35265916;
615.84;0.35557594;
616.08;0.35912597;
616.32;0.36230035;
616.56;0.36443324;
616.8;0.36598439;
617.04;0.36680328;
617.28;0.36628407;
617.52;0.36365125;
617.76;0.36016524;
618;0.36079062;
618.24;0.36208839;
618.48;0.36363566;
618.72;0.36459268;
618.96;0.36696811;
619.2;0.36796169;
619.44;0.36809309;
619.68;0.36662651;
619.92;0.36414594;
620.16;0.36116826;
620.4;0.35932602;
620.64;0.35897174;
620.88;0.36008953;
621.12;0.36211669;
621.36;0.36209108;
621.6;0.35944545;
621.84;0.3587202;
622.08;0.35854003;
622.32;0.3590003;
622.56;0.35927489;
622.8;0.35830622;
623.04;0.35582508;
623.28;0.35448629;
623.52;0.35530587;
623.76;0.35513132;
624;0.35387873;
624.24;0.35130701;
624.48;0.35152153;
624.72;0.35477815;
624.96;0.35816791;
625.2;0.3604039;
625.44;0.36170645;
625.68;0.36193898;
625.92;0.36064096;
626.16;0.35725537;
626.4;0.35280582;
626.64;0.34843031;
626.88;0.34908132;
627.12;0.35311462;
627.36;0.35681895;
627.6;0.35908175;
627.84;0.35835695;
628.08;0.35648369;
628.32;0.35438249;
628.56;0.35204959;
628.8;0.35010626;
629.04;0.35016339;
629.28;0.35316657;
629.52;0.3565368;
629.76;0.35661229;
630;0.35417877;
630.24;0.35030718;
630.48;0.34819717;
630.72;0.34701019;
630.96;0.35192356;
631.2;0.35588371;
631.44;0.35920032;
631.68;0.35972152;
631.92;0.35700651;
632.16;0.35411085;
632.4;0.35265357;
632.64;0.35299463;
632.88;0.35438962;
633.12;0.35556791;
633.36;0.35653611;
633.6;0.35798524;
633.84;0.35899612;
634.08;0.35821843;
634.32;0.35623733;
634.56;0.35352911;
634.8;0.35105172;
635.04;0.35074665;
635.28;0.3531348;
635.52;0.35665731;
635.76;0.35775555;
636;0.35918052;
636.24;0.36042792;
636.48;0.36034291;
636.72;0.35986886;
636.96;0.36029327;
637.2;0.36133697;
637.44;0.36177899;
637.68;0.36085955;
637.92;0.3587289;
638.16;0.35636804;
638.4;0.35479572;
638.64;0.35331356;
638.88;0.35348076;
639.12;0.35402059;
639.36;0.354562;
639.6;0.35197052;
639.84;0.35174031;
640.08;0.35239368;
640.32;0.35216836;
640.56;0.35216121;
640.8;0.35284093;
641.04;0.35430405;
641.28;0.35579882;
641.52;0.35547672;
641.76;0.35405871;
642;0.35368543;
642.24;0.35342586;
642.48;0.35325322;
642.72;0.35389285;
642.96;0.35575109;
643.2;0.35732945;
643.44;0.35718125;
643.68;0.35582797;
643.92;0.35397721;
644.16;0.35286889;
644.4;0.35341472;
644.64;0.35298756;
644.88;0.35128362;
645.12;0.35040594;
645.36;0.35163379;
645.6;0.35284254;
645.84;0.35227056;
646.08;0.35111624;
646.32;0.35088673;
646.56;0.35100509;
646.8;0.34962508;
647.04;0.35010353;
647.28;0.35089896;
647.52;0.35106333;
647.76;0.34661473;
648;0.34047462;
648.24;0.33524749;
648.48;0.3350363;
648.72;0.33957301;
648.96;0.3460532;
649.2;0.35172597;
649.44;0.35451376;
649.68;0.35486953;
649.92;0.35283811;
650.16;0.34967532;
650.4;0.34746905;
650.64;0.34628295;
650.88;0.34744908;
651.12;0.34963447;
651.36;0.35011303;
651.6;0.35012636;
651.84;0.35035796;
652.08;0.35083936;
652.32;0.35042739;
652.56;0.35124063;
652.8;0.34970268;
653.04;0.34723771;
653.28;0.34400123;
653.52;0.34158101;
653.76;0.3397822;
654;0.33580065;
654.24;0.3284582;
654.48;0.31626107;
654.72;0.29873353;
654.96;0.28336135;
655.2;0.28052067;
655.44;0.29237581;
655.68;0.30882042;
655.92;0.32216681;
656.16;0.33020917;
656.4;0.33635583;
656.64;0.34129412;
656.88;0.34264618;
657.12;0.34445675;
657.36;0.34529764;
657.6;0.34434744;
657.84;0.3426353;
658.08;0.3412694;
658.32;0.34217631;
658.56;0.34456082;
658.8;0.34652102;
659.04;0.34759258;
659.28;0.34760382;
659.52;0.3474761;
659.76;0.34721149;
660;0.34773607;
660.24;0.35026035;
660.48;0.35084028;
660.72;0.351084;
660.96;0.35169218;
661.2;0.35082493;
661.44;0.34970328;
661.68;0.34774799;
661.92;0.34570753;
662.16;0.34504076;
662.4;0.34495032;
662.64;0.34564091;
662.88;0.34617001;
663.12;0.34609361;
663.36;0.34666051;
663.6;0.34784853;
663.84;0.34876161;
664.08;0.34918964;
664.32;0.35012412;
664.56;0.34893191;
664.8;0.34692582;
665.04;0.3461428;
665.28;0.3445003;
665.52;0.34465922;
665.76;0.34584218;
666;0.34798598;
666.24;0.34628994;
666.48;0.344202;
666.72;0.34422851;
666.96;0.34621688;
667.2;0.34725684;
667.44;0.3471558;
667.68;0.34755126;
667.92;0.34751186;
668.16;0.34622206;
668.4;0.34502035;
668.64;0.34506177;
668.88;0.34509185;
669.12;0.34390409;
669.36;0.34364183;
669.6;0.34325123;
669.84;0.34338802;
670.08;0.34164661;
670.32;0.33870642;
670.56;0.3379206;
670.8;0.33975026;
671.04;0.34217227;
671.28;0.3426446;
671.52;0.34336945;
671.76;0.34455076;
672;0.3440759;
672.24;0.34338903;
672.48;0.3438052;
672.72;0.34311309;
672.96;0.34241267;
673.2;0.34246886;
673.44;0.34135441;
673.68;0.33995665;
673.92;0.3391002;
674.16;0.3404738;
674.4;0.34086872;
674.64;0.34231823;
674.88;0.34307293;
675.12;0.34295286;
675.36;0.34138369;
675.6;0.34005812;
675.84;0.33968905;
676.08;0.33965326;
676.32;0.34069884;
676.56;0.34220569;
676.8;0.34201719;
677.04;0.34074415;
677.28;0.3401103;
677.52;0.33975351;
677.76;0.34072185;
678;0.34082984;
678.24;0.33998338;
678.48;0.33923388;
678.72;0.34133777;
678.96;0.33996963;
679.2;0.33939333;
679.44;0.33934804;
679.68;0.33794184;
679.92;0.33815431;
680.16;0.3387337;
680.4;0.33897027;
680.64;0.33956267;
680.88;0.3392682;
681.12;0.33797052;
681.36;0.33752978;
681.6;0.33781622;
681.84;0.33754135;
682.08;0.33711512;
682.32;0.33621428;
682.56;0.33385912;
682.8;0.33088456;
683.04;0.32826398;
683.28;0.33017985;
683.52;0.33238479;
683.76;0.33404569;
684;0.33267757;
684.24;0.33116489;
684.48;0.32873915;
684.72;0.32640324;
684.96;0.32182658;
685.2;0.30885608;
685.44;0.28717385;
685.68;0.26700598;
685.92;0.25692261;
686.16;0.25789319;
686.4;0.26768234;
686.64;0.28056244;
686.88;0.2915994;
687.12;0.29654034;
687.36;0.29650262;
687.6;0.2939657;
687.84;0.29257024;
688.08;0.29170982;
688.32;0.29324545;
688.56;0.29603867;
688.8;0.29881446;
689.04;0.30080614;
689.28;0.30371005;
689.52;0.30638014;
689.76;0.30885456;
690;0.31016025;
690.24;0.31091894;
690.48;0.31214691;
690.72;0.31392703;
690.96;0.31578401;
691.2;0.316904;
691.44;0.31750775;
691.68;0.31676254;
691.92;0.31669807;
692.16;0.31707204;
692.4;0.31758339;
692.64;0.31635909;
692.88;0.31414985;
693.12;0.31463203;
693.36;0.31658763;
693.6;0.3167116;
693.84;0.31777586;
694.08;0.3183791;
694.32;0.31854845;
694.56;0.31928993;
694.8;0.32064952;
695.04;0.32234984;
695.28;0.32454562;
695.52;0.32613687;
695.76;0.32652792;
696;0.32642177;
696.24;0.32390026;
696.48;0.32037493;
696.72;0.31993596;
696.96;0.32163811;
697.2;0.32227942;
697.44;0.32063354;
697.68;0.31961965;
697.92;0.31839617;
698.16;0.31966403;
698.4;0.31956895;
698.64;0.31867313;
698.88;0.31597222;
699.12;0.31411104;
699.36;0.31383533;
699.6;0.31448276;
699.84;0.31476437;
700.08;0.31361979;
700.32;0.31241331;
700.56;0.31261727;
700.8;0.31271378;
701.04;0.31196964;
701.28;0.31237113;
701.52;0.31460775;
701.76;0.31706056;
702;0.31910559;
702.24;0.31894821;
702.48;0.31859942;
702.72;0.31910228;
702.96;0.32043906;
703.2;0.32291235;
703.44;0.32423019;
703.68;0.32398207;
703.92;0.32192266;
704.16;0.32071895;
704.4;0.32074758;
704.64;0.32071508;
704.88;0.32004171;
705.12;0.31962606;
705.36;0.32036515;
705.6;0.32131936;
705.84;0.32153;
706.08;0.32224767;
706.32;0.32339428;
706.56;0.322103;
706.8;0.32113553;
707.04;0.31977951;
707.28;0.31809797;
707.52;0.31696787;
707.76;0.31756623;
708;0.31921557;
708.24;0.31906283;
708.48;0.31979876;
708.72;0.32090427;
708.96;0.32151573;
709.2;0.32192107;
709.44;0.32118709;
709.68;0.31954953;
709.92;0.31866398;
710.16;0.31857385;
710.4;0.31842923;
710.64;0.31789755;
710.88;0.31701704;
711.12;0.31774245;
711.36;0.31893394;
711.6;0.3174174;
711.84;0.31584708;
712.08;0.31651682;
712.32;0.31839851;
712.56;0.31936351;
712.8;0.31870334;
713.04;0.31650135;
713.28;0.31366803;
713.52;0.31187668;
713.76;0.31212062;
714;0.31285371;
714.24;0.31403057;
714.48;0.3142085;
714.72;0.31207627;
714.96;0.30665982;
715.2;0.30025424;
715.44;0.29513931;
715.68;0.29030906;
715.92;0.28600792;
716.16;0.28172258;
716.4;0.27914575;
716.64;0.27701535;
716.88;0.27360581;
717.12;0.26899886;
717.36;0.26462786;
717.6;0.26444014;
717.84;0.26464964;
718.08;0.26569079;
718.32;0.26745738;
718.56;0.26863318;
718.8;0.26870001;
719.04;0.26934222;
719.28;0.27228661;
719.52;0.27851032;
719.76;0.28718689;
720;0.29446891;
720.24;0.29866105;
720.48;0.30068748;
720.72;0.3004869;
720.96;0.29922666;
721.2;0.29867815;
721.44;0.29704644;
721.68;0.29334441;
721.92;0.28697052;
722.16;0.28207938;
722.4;0.2802469;
722.64;0.27890942;
722.88;0.27905945;
723.12;0.28102897;
723.36;0.28301733;
723.6;0.28285424;
723.84;0.28130926;
724.08;0.28106622;
724.32;0.28352121;
724.56;0.28562744;
724.8;0.28556284;
725.04;0.28474202;
725.28;0.28555022;
725.52;0.28705488;
725.76;0.28715968;
726;0.28483627;
726.24;0.28028535;
726.48;0.27854791;
726.72;0.28102379;
726.96;0.28521363;
727.2;0.28618003;
727.44;0.28233095;
727.68;0.27799071;
727.92;0.27660057;
728.16;0.2807162;
728.4;0.28570123;
728.64;0.28867363;
728.88;0.28886243;
729.12;0.28615386;
729.36;0.28498087;
729.6;0.2850777;
729.84;0.28682105;
730.08;0.2881697;
730.32;0.28913709;
730.56;0.2914231;
730.8;0.29408327;
731.04;0.29565165;
731.28;0.29686318;
731.52;0.29791005;
731.76;0.29816821;
732;0.29934079;
732.24;0.30156917;
732.48;0.30420055;
732.72;0.3061429;
732.96;0.30572135;
733.2;0.30400808;
733.44;0.30218634;
733.68;0.30105692;
733.92;0.30025584;
734.16;0.29972943;
734.4;0.29914002;
734.64;0.29795522;
734.88;0.29784458;
735.12;0.29916076;
735.36;0.29959842;
735.6;0.29985313;
735.84;0.30109403;
736.08;0.30200948;
736.32;0.30252142;
736.56;0.30294883;
736.8;0.30182898;
737.04;0.29897364;
737.28;0.29524608;
737.52;0.2941204;
737.76;0.29445388;
738;0.29530563;
738.24;0.29632251;
738.48;0.29717806;
738.72;0.29918993;
738.96;0.29898483;
739.2;0.29744058;
739.44;0.29610828;
739.68;0.29552424;
739.92;0.2937487;
740.16;0.29403309;
740.4;0.29549795;
740.64;0.29595364;
740.88;0.29591235;
741.12;0.2969634;
741.36;0.2990274;
741.6;0.30111146;
741.84;0.30240302;
742.08;0.30283603;
742.32;0.30290625;
742.56;0.30270416;
742.8;0.30228172;
743.04;0.30045014;
743.28;0.29912798;
743.52;0.2995632;
743.76;0.30151872;
744;0.30366671;
744.24;0.30410793;
744.48;0.30333794;
744.72;0.30170019;
744.96;0.3009556;
745.2;0.30168567;
745.44;0.30302002;
745.68;0.30310946;
745.92;0.30378957;
746.16;0.30328456;
746.4;0.302369;
746.64;0.30217173;
746.88;0.30162018;
747.12;0.30053099;
747.36;0.30004748;
747.6;0.29967112;
747.84;0.29834244;
748.08;0.29685586;
748.32;0.29600442;
748.56;0.29658322;
748.8;0.29838075;
749.04;0.29908372;
749.28;0.29738961;
749.52;0.2954822;
749.76;0.29419702;
750;0.29521934;
750.24;0.29704964;
750.48;0.29732041;
750.72;0.29742135;
750.96;0.29822723;
751.2;0.29633933;
751.44;0.29512552;
751.68;0.29507056;
751.92;0.29648046;
752.16;0.29796422;
752.4;0.29855883;
752.64;0.29898287;
752.88;0.2990891;
753.12;0.29825801;
753.36;0.29693316;
753.6;0.29613198;
753.84;0.29618992;
754.08;0.29560658;
754.32;0.2945657;
754.56;0.29392531;
754.8;0.29464709;
755.04;0.29535589;
755.28;0.29496501;
755.52;0.29409866;
755.76;0.29442085;
756;0.29297726;
756.24;0.29376617;
756.48;0.29447393;
756.72;0.2919351;
756.96;0.28872139;
757.2;0.2853899;
757.44;0.27934971;
757.68;0.26632077;
757.92;0.24083995;
758.16;0.20393127;
758.4;0.16418839;
758.64;0.13045347;
758.88;0.10647192;
759.12;0.093046714;
759.36;0.090258785;
759.6;0.097205658;
759.84;0.11381454;
760.08;0.13798719;
760.32;0.16421601;
760.56;0.181821;
760.8;0.18338842;
761.04;0.17425102;
761.28;0.16336496;
761.52;0.1553829;
761.76;0.15278184;
762;0.15512352;
762.24;0.15922689;
762.48;0.16421664;
762.72;0.17173496;
762.96;0.17973238;
763.2;0.18820697;
763.44;0.19672456;
763.68;0.20435288;
763.92;0.21161355;
764.16;0.21817087;
764.4;0.22384224;
764.64;0.22946336;
764.88;0.23565304;
765.12;0.24245849;
765.36;0.24965629;
765.6;0.25714761;
765.84;0.26414288;
766.08;0.26889804;
766.32;0.27236437;
766.56;0.27407541;
766.8;0.27641569;
767.04;0.27812895;
767.28;0.28060681;
767.52;0.28125852;
767.76;0.28052747;
768;0.28093595;
768.24;0.28073347;
768.48;0.28238516;
768.72;0.28362924;
768.96;0.28608324;
769.2;0.28773382;
769.44;0.2871465;
769.68;0.28596063;
769.92;0.28427781;
770.16;0.28331321;
770.4;0.28333659;
770.64;0.28409474;
770.88;0.28539017;
771.12;0.28583868;
771.36;0.28549586;
771.6;0.28600168;
771.84;0.28705342;
772.08;0.28774029;
772.32;0.28855642;
772.56;0.28773782;
772.8;0.28581676;
773.04;0.28428671;
773.28;0.28151407;
773.52;0.2805611;
773.76;0.28120142;
774;0.28310735;
774.24;0.28619856;
774.48;0.28654623;
774.72;0.28747833;
774.96;0.28765011;
775.2;0.28760381;
775.44;0.28725082;
775.68;0.28556147;
775.92;0.28419939;
776.16;0.28380887;
776.4;0.28330218;
776.64;0.28306144;
776.88;0.28308047;
777.12;0.28349438;
777.36;0.28402709;
777.6;0.28359937;
777.84;0.28368002;
778.08;0.28347648;
778.32;0.28220225;
778.56;0.28212473;
778.8;0.28196225;
779.04;0.28321124;
779.28;0.2825139;
779.52;0.28111124;
779.76;0.28177842;
780;0.28311439;
780.24;0.28406536;
780.48;0.28480901;
780.72;0.28511902;
780.96;0.28511352;
781.2;0.28562604;
781.44;0.28477903;
781.68;0.28255333;
781.92;0.27959397;
782.16;0.27876638;
782.4;0.27944988;
782.64;0.27967439;
782.88;0.28108552;
783.12;0.28227058;
783.36;0.28206081;
783.6;0.28207945;
783.84;0.28232609;
784.08;0.28246947;
784.32;0.28145193;
784.56;0.28127376;
784.8;0.28228962;
785.04;0.2822486;
785.28;0.28141321;
785.52;0.28144681;
785.76;0.28061886;
786;0.27976482;
786.24;0.27898213;
786.48;0.27807998;
786.72;0.27665099;
786.96;0.27791836;
787.2;0.27779254;
787.44;0.2769423;
787.68;0.27538904;
787.92;0.27417594;
788.16;0.27284827;
788.4;0.27236465;
788.64;0.27304798;
788.88;0.27394902;
789.12;0.2739637;
789.36;0.27334029;
789.6;0.27255083;
789.84;0.27191832;
790.08;0.27161624;
790.32;0.27138336;
790.56;0.27116153;
790.8;0.27099693;
791.04;0.27084371;
791.28;0.26980724;
791.52;0.26823117;
791.76;0.26667744;
792;0.26625022;
792.24;0.26858732;
792.48;0.2691741;
792.72;0.26847615;
792.96;0.26702697;
793.2;0.26698426;
793.44;0.26948789;
793.68;0.2709853;
793.92;0.272601;
794.16;0.27350359;
794.4;0.27229897;
794.64;0.27043674;
794.88;0.27006788;
795.12;0.27089556;
795.36;0.27141011;
795.6;0.27168434;
795.84;0.27265958;
796.08;0.27374569;
796.32;0.27398527;
796.56;0.2737782;
796.8;0.27409958;
797.04;0.27514499;
797.28;0.27544267;
797.52;0.27418902;
797.76;0.27308088;
798;0.27087593;
798.24;0.26858339;
798.48;0.26698283;
798.72;0.26674786;
798.96;0.26775915;
799.2;0.26821104;
799.44;0.26843991;
799.68;0.26828106;
799.92;0.26791072;
800.16;0.26867397;
800.4;0.26891455;
800.64;0.26847225;
800.88;0.26781269;
801.12;0.26676032;
801.36;0.26623245;
801.6;0.26623515;
801.84;0.26695206;
802.08;0.26754676;
802.32;0.26798697;
802.56;0.26836436;
802.8;0.26735306;
803.04;0.26511584;
803.28;0.26402954;
803.52;0.26499339;
803.76;0.26630484;
804;0.26707525;
804.24;0.26823536;
804.48;0.26960643;
804.72;0.27069492;
804.96;0.27131287;
805.2;0.27090175;
805.44;0.27023572;
805.68;0.26864871;
805.92;0.26782652;
806.16;0.26768403;
806.4;0.26755951;
806.64;0.26790108;
806.88;0.2659432;
807.12;0.26543285;
807.36;0.26577225;
807.6;0.26501521;
807.84;0.26415448;
808.08;0.26312845;
808.32;0.26244084;
808.56;0.26296892;
808.8;0.26368965;
809.04;0.26396579;
809.28;0.26378055;
809.52;0.26325841;
809.76;0.26350843;
810;0.26378227;
810.24;0.26308331;
810.48;0.26180978;
810.72;0.26054749;
810.96;0.26001204;
811.2;0.25936531;
811.44;0.25658698;
811.68;0.25252407;
811.92;0.24942052;
812.16;0.24760417;
812.4;0.24614299;
812.64;0.24478476;
812.88;0.24441615;
813.12;0.24238478;
813.36;0.24010816;
813.6;0.23799844;
813.84;0.23596226;
814.08;0.23611711;
814.32;0.23495511;
814.56;0.2313224;
814.8;0.22778651;
815.04;0.22753093;
815.28;0.22886166;
815.52;0.2316537;
815.76;0.23466346;
816;0.23508951;
816.24;0.23180093;
816.48;0.2297724;
816.72;0.22979198;
816.96;0.23104869;
817.2;0.23299479;
817.44;0.23469897;
817.68;0.23494543;
817.92;0.23381456;
818.16;0.23234228;
818.4;0.23282774;
818.64;0.23797051;
818.88;0.24431512;
819.12;0.24862303;
819.36;0.25053634;
819.6;0.25064983;
819.84;0.24917304;
820.08;0.24687443;
820.32;0.24503572;
820.56;0.24141333;
820.8;0.23476446;
821.04;0.22548133;
821.28;0.21410068;
821.52;0.21063873;
821.76;0.21398168;
822;0.22171589;
822.24;0.23141731;
822.48;0.24033689;
822.72;0.24414941;
822.96;0.24659598;
823.2;0.24952086;
823.44;0.25152035;
823.68;0.25167631;
823.92;0.25051931;
824.16;0.24846358;
824.4;0.24717236;
824.64;0.24773509;
824.88;0.24977846;
825.12;0.25206633;
825.36;0.25221521;
825.6;0.24891479;
825.84;0.24405324;
826.08;0.24000592;
826.32;0.23802207;
826.56;0.23862983;
826.8;0.23973386;
827.04;0.2403036;
827.28;0.23968651;
827.52;0.23972552;
827.76;0.23916033;
828;0.24005444;
828.24;0.24254891;
828.48;0.24280027;
828.72;0.24315086;
828.96;0.24282371;
829.2;0.24299519;
829.44;0.24378039;
829.68;0.24473335;
829.92;0.24420473;
830.16;0.24341769;
830.4;0.24153821;
830.64;0.24039272;
830.88;0.24045043;
831.12;0.24087842;
831.36;0.24048734;
831.6;0.24028997;
831.84;0.23994337;
832.08;0.239479;
832.32;0.24027602;
832.56;0.24255081;
832.8;0.24424048;
833.04;0.24510301;
833.28;0.24648773;
833.52;0.24798133;
833.76;0.24894194;
834;0.24934438;
834.24;0.24880479;
834.48;0.24789336;
834.72;0.24892543;
834.96;0.25034013;
835.2;0.24999172;
835.44;0.25024448;
835.68;0.25047099;
835.92;0.25050027;
836.16;0.25061934;
836.4;0.25023414;
836.64;0.25016252;
836.88;0.2496951;
837.12;0.24883365;
837.36;0.24817328;
837.6;0.24765661;
837.84;0.24942866;
838.08;0.25020798;
838.32;0.25109465;
838.56;0.25091345;
838.8;0.25078248;
839.04;0.25146818;
839.28;0.25185634;
839.52;0.25059471;
839.76;0.2499022;
840;0.2495079;
840.24;0.24945603;
840.48;0.25013105;
840.72;0.25048018;
840.96;0.24993098;
841.2;0.24884616;
841.44;0.24823809;
841.68;0.2477701;
841.92;0.24638189;
842.16;0.2451713;
842.4;0.24438413;
842.64;0.24455922;
842.88;0.24623086;
843.12;0.24718029;
843.36;0.24708192;
843.6;0.24809991;
843.84;0.24941679;
844.08;0.2501779;
844.32;0.25005085;
844.56;0.24986495;
844.8;0.2492778;
845.04;0.24749045;
845.28;0.24731498;
845.52;0.2466729;
845.76;0.24650915;
846;0.24703404;
846.24;0.24787502;
846.48;0.24838112;
846.72;0.2472553;
846.96;0.2474496;
847.2;0.24844121;
847.44;0.24695718;
847.68;0.24218313;
847.92;0.23563788;
848.16;0.22896974;
848.4;0.2254023;
848.64;0.22751497;
848.88;0.23246808;
849.12;0.23653066;
849.36;0.23956797;
849.6;0.24123458;
849.84;0.24141132;
850.08;0.24186258;
850.32;0.24225616;
850.56;0.24193022;
850.8;0.24256184;
851.04;0.24320999;
851.28;0.24198746;
851.52;0.24001154;
851.76;0.23671677;
852;0.22943917;
852.24;0.21781212;
852.48;0.20372728;
852.72;0.19576745;
852.96;0.19982897;
853.2;0.20904402;
853.44;0.21935035;
853.68;0.2275482;
853.92;0.23253929;
854.16;0.23596604;
854.4;0.24011012;
854.64;0.2410247;
854.88;0.24214196;
855.12;0.24350706;
855.36;0.2447669;
855.6;0.24426671;
855.84;0.24357744;
856.08;0.24422175;
856.32;0.24405535;
856.56;0.24314012;
856.8;0.24251105;
857.04;0.24206656;
857.28;0.2416694;
857.52;0.24085968;
857.76;0.23984267;
858;0.24042942;
858.24;0.24032584;
858.48;0.24001823;
858.72;0.24111326;
858.96;0.24176664;
859.2;0.24128275;
859.44;0.23969907;
859.68;0.23919844;
859.92;0.23957104;
860.16;0.23924641;
860.4;0.2394356;
860.64;0.24110915;
860.88;0.24172025;
861.12;0.24117495;
861.36;0.24097474;
861.6;0.2417807;
861.84;0.24242539;
862.08;0.24208735;
862.32;0.24122853;
862.56;0.24086556;
862.8;0.23986786;
863.04;0.23760146;
863.28;0.23543582;
863.52;0.23397874;
863.76;0.23236333;
864;0.2269868;
864.24;0.21651211;
864.48;0.20596831;
864.72;0.20132589;
864.96;0.20430389;
865.2;0.21125032;
865.44;0.21868814;
865.68;0.22379766;
865.92;0.22680615;
866.16;0.22965581;
866.4;0.2322643;
866.64;0.23286006;
866.88;0.23241216;
867.12;0.23226371;
867.36;0.23227286;
867.6;0.23265444;
867.84;0.23388729;
868.08;0.23513137;
868.32;0.23553455;
868.56;0.23574891;
868.8;0.23617207;
869.04;0.23601228;
869.28;0.23522606;
869.52;0.23454545;
869.76;0.23370263;
870;0.2342579;
870.24;0.23579474;
870.48;0.2363203;
870.72;0.23529646;
870.96;0.23503667;
871.2;0.23503215;
871.44;0.23520931;
871.68;0.23333255;
871.92;0.23093439;
872.16;0.23007018;
872.4;0.23158273;
872.64;0.23077503;
872.88;0.23102024;
873.12;0.23131259;
873.36;0.23034455;
873.6;0.22991502;
873.84;0.23056669;
874.08;0.23009306;
874.32;0.23228165;
874.56;0.23256335;
874.8;0.23204423;
875.04;0.23191663;
875.28;0.23228484;
875.52;0.23101413;
875.76;0.23083435;
876;0.23181013;
876.24;0.23333742;
876.48;0.23340987;
876.72;0.23327321;
876.96;0.2337074;
877.2;0.23294353;
877.44;0.23051532;
877.68;0.2290231;
877.92;0.22988791;
878.16;0.23094134;
878.4;0.23045284;
878.64;0.22811859;
878.88;0.22426456;
879.12;0.22212943;
879.36;0.22366945;
879.6;0.22613405;
879.84;0.22885348;
880.08;0.23012292;
880.32;0.23168856;
880.56;0.23139887;
880.8;0.23003085;
881.04;0.22949737;
881.28;0.23099981;
881.52;0.23277896;
881.76;0.23212955;
882;0.23273068;
882.24;0.23092795;
882.48;0.22988034;
882.72;0.22918694;
882.96;0.22972449;
883.2;0.22927402;
883.44;0.23144834;
883.68;0.23035473;
883.92;0.22909027;
884.16;0.2281786;
884.4;0.22666705;
884.64;0.22394457;
884.88;0.22290064;
885.12;0.2227723;
885.36;0.22414875;
885.6;0.22484254;
885.84;0.22582783;
886.08;0.22752475;
886.32;0.22857565;
886.56;0.22813515;
886.8;0.22721919;
887.04;0.22638573;
887.28;0.22668548;
887.52;0.2274133;
887.76;0.22794048;
888;0.22790789;
888.24;0.22748505;
888.48;0.22750289;
888.72;0.22779364;
888.96;0.22744007;
889.2;0.22706474;
889.44;0.22606798;
889.68;0.22398138;
889.92;0.22442957;
890.16;0.22524558;
890.4;0.22463727;
890.64;0.2232642;
890.88;0.2217808;
891.12;0.21839448;
891.36;0.21645001;
891.6;0.217539;
891.84;0.21976743;
892.08;0.22248331;
892.32;0.22048189;
892.56;0.21736829;
892.8;0.21472591;
893.04;0.21443445;
893.28;0.21330014;
893.52;0.20971452;
893.76;0.20872663;
894;0.20626326;
894.24;0.20633914;
894.48;0.20184401;
894.72;0.1975749;
894.96;0.19606127;
895.2;0.19625519;
895.44;0.19552129;
895.68;0.19436336;
895.92;0.19668136;
896.16;0.19711116;
896.4;0.19771496;
896.64;0.19505899;
896.88;0.18840479;
897.12;0.18003939;
897.36;0.17485078;
897.6;0.17736267;
897.84;0.18396357;
898.08;0.18811946;
898.32;0.1865501;
898.56;0.18459557;
898.8;0.18313471;
899.04;0.18095807;
899.28;0.18002486;
899.52;0.18129778;
899.76;0.1822974;
900;0.18219652;
900.24;0.18279688;
900.48;0.18359645;
900.72;0.18388934;
900.96;0.18594803;
901.2;0.19137199;
901.44;0.19775976;
901.68;0.20307152;
901.92;0.20719111;
902.16;0.20942377;
902.4;0.20994911;
902.64;0.21013865;
902.88;0.20958434;
903.12;0.21001836;
903.36;0.209394;
903.6;0.20831623;
903.84;0.20789958;
904.08;0.2053716;
904.32;0.20024951;
904.56;0.19605962;
904.8;0.19445359;
905.04;0.19414092;
905.28;0.19029041;
905.52;0.18658675;
905.76;0.18657497;
906;0.18470737;
906.24;0.18172821;
906.48;0.18070738;
906.72;0.17930017;
906.96;0.17952096;
907.2;0.17969468;
907.44;0.18042297;
907.68;0.18195865;
907.92;0.18208385;
908.16;0.18023604;
908.4;0.1810489;
908.64;0.18129074;
908.88;0.18255114;
909.12;0.18359376;
909.36;0.18665104;
909.6;0.18945609;
909.84;0.18867272;
910.08;0.18630867;
910.32;0.18656957;
910.56;0.18809459;
910.8;0.18969877;
911.04;0.18696502;
911.28;0.18059898;
911.52;0.17511291;
911.76;0.17139238;
912;0.17220798;
912.24;0.17686787;
912.48;0.18232709;
912.72;0.18628975;
912.96;0.18695516;
913.2;0.18407183;
913.44;0.17694991;
913.68;0.17014106;
913.92;0.16915044;
914.16;0.17333854;
914.4;0.17879518;
914.64;0.18259023;
914.88;0.18486044;
915.12;0.18391217;
915.36;0.18153996;
915.6;0.17709015;
915.84;0.17379524;
916.08;0.17416523;
916.32;0.1781198;
916.56;0.18093897;
916.8;0.18394455;
917.04;0.18569501;
917.28;0.18673988;
917.52;0.1885617;
917.76;0.18853073;
918;0.19074067;
918.24;0.19303343;
918.48;0.19485327;
918.72;0.19427945;
918.96;0.19502011;
919.2;0.19113053;
919.44;0.18848672;
919.68;0.18612262;
919.92;0.18416035;
920.16;0.18392663;
920.4;0.18490078;
920.64;0.18780674;
920.88;0.1895777;
921.12;0.1863701;
921.36;0.18429124;
921.6;0.18554516;
921.84;0.18690494;
922.08;0.18776338;
922.32;0.18881248;
922.56;0.18907502;
922.8;0.18862276;
923.04;0.18924916;
923.28;0.19005333;
923.52;0.19133256;
923.76;0.19088128;
924;0.1892361;
924.24;0.18968092;
924.48;0.19118166;
924.72;0.19269355;
924.96;0.19305176;
925.2;0.19314786;
925.44;0.19299577;
925.68;0.18949353;
925.92;0.1840207;
926.16;0.17868266;
926.4;0.17340447;
926.64;0.16956354;
926.88;0.16730263;
927.12;0.16639338;
927.36;0.1656477;
927.6;0.16243369;
927.84;0.15799143;
928.08;0.15391001;
928.32;0.15065171;
928.56;0.1490912;
928.8;0.14651615;
929.04;0.14193625;
929.28;0.13880956;
929.52;0.1351332;
929.76;0.12797075;
930;0.12019578;
930.24;0.11533812;
930.48;0.11446662;
930.72;0.11362341;
930.96;0.11283913;
931.2;0.11524812;
931.44;0.11374542;
931.68;0.10565113;
931.92;0.098410224;
932.16;0.096654004;
932.4;0.092226462;
932.64;0.09066096;
932.88;0.094988356;
933.12;0.10591353;
933.36;0.11373636;
933.6;0.10880372;
933.84;0.10151863;
934.08;0.10181976;
934.32;0.11006354;
934.56;0.1142078;
934.8;0.11309186;
935.04;0.10828187;
935.28;0.10453182;
935.52;0.10353425;
935.76;0.10644441;
936;0.10899585;
936.24;0.10778828;
936.48;0.11274718;
936.72;0.12178796;
936.96;0.13203005;
937.2;0.14452041;
937.44;0.15620188;
937.68;0.16375995;
937.92;0.16608891;
938.16;0.16325894;
938.4;0.15789547;
938.64;0.1556003;
938.88;0.1557075;
939.12;0.15211288;
939.36;0.15029624;
939.6;0.15046004;
939.84;0.1519139;
940.08;0.15307073;
940.32;0.15341334;
940.56;0.14860195;
940.8;0.13876186;
941.04;0.13128729;
941.28;0.12997631;
941.52;0.13466109;
941.76;0.13751813;
942;0.13272514;
942.24;0.12329174;
942.48;0.11742071;
942.72;0.12224348;
942.96;0.13456467;
943.2;0.14278843;
943.44;0.14362446;
943.68;0.13957065;
943.92;0.13271438;
944.16;0.12904398;
944.4;0.12984987;
944.64;0.13364595;
944.88;0.13709306;
945.12;0.14007125;
945.36;0.1444434;
945.6;0.14586178;
945.84;0.14475971;
946.08;0.14140951;
946.32;0.13871036;
946.56;0.13975946;
946.8;0.14723568;
947.04;0.15708116;
947.28;0.15834567;
947.52;0.14791966;
947.76;0.13451418;
948;0.12802003;
948.24;0.12548136;
948.48;0.13307455;
948.72;0.14756316;
948.96;0.16300202;
949.2;0.172464;
949.44;0.17119136;
949.68;0.16066006;
949.92;0.14802307;
950.16;0.13952479;
950.4;0.13392322;
950.64;0.13715391;
950.88;0.13870394;
951.12;0.14656734;
951.36;0.15447075;
951.6;0.16153192;
951.84;0.16434848;
952.08;0.15920205;
952.32;0.15514948;
952.56;0.15285235;
952.8;0.15073353;
953.04;0.15067308;
953.28;0.15281255;
953.52;0.15172447;
953.76;0.14555463;
954;0.14684903;
954.24;0.14947936;
954.48;0.15305812;
954.72;0.14774093;
954.96;0.14679064;
955.2;0.15327522;
955.44;0.16560613;
955.68;0.17252946;
955.92;0.17277325;
956.16;0.16807374;
956.4;0.16414217;
956.64;0.16306854;
956.88;0.1599247;
957.12;0.15296238;
957.36;0.14670639;
957.6;0.14783955;
957.84;0.15533837;
958.08;0.15860096;
958.32;0.16257785;
958.56;0.16829054;
958.8;0.16880006;
959.04;0.16929174;
959.28;0.17715988;
959.52;0.17998005;
959.76;0.17988757;
960;0.17405855;
960.24;0.16756847;
960.48;0.16615855;
960.72;0.16738092;
960.96;0.17031404;
961.2;0.17420907;
961.44;0.17642443;
961.68;0.17517031;
961.92;0.17252622;
962.16;0.17078129;
962.4;0.16805681;
962.64;0.16774056;
962.88;0.17206002;
963.12;0.17693556;
963.36;0.18176838;
963.6;0.1857621;
963.84;0.18583942;
964.08;0.1825252;
964.32;0.1783453;
964.56;0.17442804;
964.8;0.17461305;
965.04;0.18029278;
965.28;0.18609539;
965.52;0.19272899;
965.76;0.19775713;
966;0.19695707;
966.24;0.19621952;
966.48;0.19526991;
966.72;0.19669129;
966.96;0.19667826;
967.2;0.19930149;
967.44;0.19794624;
967.68;0.20057562;
967.92;0.20168236;
968.16;0.19873771;
968.4;0.19698136;
968.64;0.19527234;
968.88;0.19645498;
969.12;0.19832733;
969.36;0.19808416;
969.6;0.19701038;
969.84;0.19629168;
970.08;0.19951955;
970.32;0.19821176;
970.56;0.19587641;
970.8;0.19582167;
971.04;0.19403567;
971.28;0.18759531;
971.52;0.18294782;
971.76;0.1802638;
972;0.17963268;
972.24;0.18511617;
972.48;0.18572745;
972.72;0.18266356;
972.96;0.18655552;
973.2;0.18639727;
973.44;0.18731664;
973.68;0.18199641;
973.92;0.17527392;
974.16;0.1762111;
974.4;0.18595335;
974.64;0.18554835;
974.88;0.18870883;
975.12;0.19098781;
975.36;0.19110018;
975.6;0.19355322;
975.84;0.19240705;
976.08;0.18768371;
976.32;0.18219231;
976.56;0.18321718;
976.8;0.18345838;
977.04;0.18276193;
977.28;0.18084234;
977.52;0.17914724;
977.76;0.17878687;
978;0.17815722;
978.24;0.18726253;
978.48;0.18545552;
978.72;0.18414522;
978.96;0.1866491;
979.2;0.19025197;
979.44;0.18867885;
979.68;0.1858988;
979.92;0.18781969;
980.16;0.18571445;
980.4;0.18853388;
980.64;0.18779952;
980.88;0.18703746;
981.12;0.18897233;
981.36;0.19038727;
981.6;0.19019686;
981.84;0.18927133;
982.08;0.19126729;
982.32;0.18922389;
982.56;0.18579081;
982.8;0.18621484;
983.04;0.18596842;
983.28;0.18475135;
983.52;0.18667526;
983.76;0.18443112;
984;0.18511425;
984.24;0.18753871;
984.48;0.1859565;
984.72;0.18309921;
984.96;0.18379006;
985.2;0.18338534;
985.44;0.18174437;
985.68;0.18309786;
985.92;0.1861932;
986.16;0.18280549;
986.4;0.18034614;
986.64;0.18183298;
986.88;0.18153054;
987.12;0.18077145;
987.36;0.18181196;
987.6;0.18273495;
987.84;0.18143813;
988.08;0.18103562;
988.32;0.1820631;
988.56;0.18244721;
988.8;0.18187138;
989.04;0.18443916;
989.28;0.18813596;
989.52;0.18687858;
989.76;0.18696971;
990;0.18739055;
990.24;0.18509458;
990.48;0.17896801;
990.72;0.18256481;
990.96;0.1846182;
991.2;0.18342001;
991.44;0.18354969;
991.68;0.18152728;
991.92;0.18471081;
992.16;0.18621243;
992.4;0.18577394;
992.64;0.18844415;
992.88;0.18631874;
993.12;0.1866181;
993.36;0.18910297;
993.6;0.19019446;
993.84;0.19478328;
994.08;0.19436158;
994.32;0.19120647;
994.56;0.1913021;
994.8;0.19262799;
995.04;0.1926869;
995.28;0.19084963;
995.52;0.19266179;
995.76;0.19373079;
996;0.19349767;
996.24;0.19217889;
996.48;0.18761046;
996.72;0.18696563;
996.96;0.18688074;
997.2;0.18516109;
997.44;0.18714234;
997.68;0.19177079;
997.92;0.19100926;
998.16;0.1924847;
998.4;0.19689499;
998.64;0.19484021;
998.88;0.19504491;
999.12;0.19825206;
999.36;0.19347791;
999.6;0.19213642;
999.84;0.1903213;
1000.08;0.1900539;
1000.32;0.18849748;
1000.56;0.18888381;
1000.8;0.19020636;
1001.04;0.19196712;
1001.28;0.19401651;
1001.52;0.19650853;
1001.76;0.19544914;
1002;0.19678176;
1002.24;0.19131469;
1002.48;0.18589762;
1002.72;0.18433651;
1002.96;0.18657537;
1003.2;0.18937199;
1003.44;0.18652632;
1003.68;0.18275601;
1003.92;0.18627648;
1004.16;0.19156458;
1004.4;0.19051872;
1004.64;0.18951167;
1004.88;0.18513514;
1005.12;0.18470672;
1005.36;0.18637459;
1005.6;0.18452945;
1005.84;0.19270889;
1006.08;0.19135156;
1006.32;0.18640229;
1006.56;0.18566518;
1006.8;0.18610867;
1007.04;0.19204862;
1007.28;0.18902133;
1007.52;0.1846203;
1007.76;0.19105507;
1008;0.19998172;
1008.24;0.19835168;
1008.48;0.19068702;
1008.72;0.18502213;
1008.96;0.18630352;
1009.2;0.19702602;
1009.44;0.1984334;
1009.68;0.18951892;
1009.92;0.19047862;
1010.16;0.19157028;
1010.4;0.18309098;
1010.64;0.189172;
1010.88;0.19250614;
1011.12;0.19150835;
1011.36;0.19646073;
1011.6;0.19330804;
1011.84;0.18448123;
1012.08;0.18744571;
1012.32;0.19315944;
1012.56;0.19416771;
1012.8;0.18662692;
1013.04;0.18496014;
1013.28;0.18902467;
1013.52;0.18989478;
1013.76;0.18911978;
1014;0.18841059;
1014.24;0.18900552;
1014.48;0.18834731;
1014.72;0.19433809;
1014.96;0.19602261;
1015.2;0.19647963;
1015.44;0.19151328;
1015.68;0.18876509;
1015.92;0.1951741;
1016.16;0.19160952;
1016.4;0.19586645;
1016.64;0.1981492;
1016.88;0.19834195;
1017.12;0.19389861;
1017.36;0.18656423;
1017.6;0.18598172;
1017.84;0.19127664;
1018.08;0.18922148;
1018.32;0.18924287;
1018.56;0.18289754;
1018.8;0.18836689;
1019.04;0.19299229;
1019.28;0.19761779;
1019.52;0.18946128;
1019.76;0.18469822;
1020;0.19231639;
1020.24;0.18699842;
1020.48;0.18603258;
1020.72;0.19908129;
1020.96;0.19303014;
1021.2;0.18750814;
1021.44;0.18638723;
1021.68;0.1844417;
1021.92;0.18797984;
1022.16;0.18911423;
1022.4;0.18290563;
1022.64;0.18903159;
1022.88;0.19248581;
1023.12;0.18922917;
1023.36;0.18739092;
1023.6;0.1852781;
1023.84;0.1868749;
1024.08;0.19423612;
1024.32;0.19049974;
1024.56;0.19626719;
1024.8;0.19863076;
1025.04;0.19423768;
1025.28;0.18788877;
1025.52;0.18711737;
1025.76;0.18278561;
1026;0.18585096;
1026.24;0.19412261;
1026.48;0.18976726;
1026.72;0.19048207;
1026.96;0.17577196;
1027.2;0.18398161;
1027.44;0.1962907;
1027.68;0.18956766;
1027.92;0.18028182;
1028.16;0.18015295;
1028.4;0.19306294;
1028.64;0.18803947;
1028.88;0.1900775;
1029.12;0.18629242;
1029.36;0.18952532;
1029.6;0.19281523;
1029.84;0.19186975;
1030.08;0.18874099;
1030.32;0.18493188;
1030.56;0.18073899;
1030.8;0.17626089;
1031.04;0.18061848;
1031.28;0.18205674;
1031.52;0.18788511;
1031.76;0.17150606;
1032;0.18050409;
1032.24;0.18472788;
1032.48;0.18976467;
1032.72;0.19272321;
1032.96;0.192018;
1033.2;0.19319488;
1033.44;0.19226174;
1033.68;0.17915543;
1033.92;0.18815769;
1034.16;0.19823835;
1034.4;0.19517093;
1034.64;0.19203315;
1034.88;0.18680853;
1035.12;0.18788019;
1035.36;0.18659374;
1035.6;0.17223041;
1035.84;0.19327999;
1036.08;0.1964048;
1036.32;0.19376809;
1036.56;0.20686429;
1036.8;0.20846372;
1037.04;0.19978279;
1037.28;0.19262263;
1037.52;0.19568243;
1037.76;0.20908622;
1038;0.19402989;
1038.24;0.18686003;
1038.48;0.18357897;
1038.72;0.18380912;
1038.96;0.1875683;
1039.2;0.19252242;
1039.44;0.1950316;
1039.68;0.20172004;
1039.92;0.18959998;
1040.16;0.19026632;
1040.4;0.18544178;
1040.64;0.19848591;
1040.88;0.19646157;
1041.12;0.19414453;
1041.36;0.19523132;
1041.6;0.19069202;
1041.84;0.18304828;
1042.08;0.18461601;
1042.32;0.18627972;
1042.56;0.17686518;
1042.8;0.19840342;
1043.04;0.20155754;
1043.28;0.19788789;
1043.52;0.17745108;
1043.76;0.19870007;
1044;0.20340389;
1044.24;0.19231764;
1044.48;0.20832351;
1044.72;0.2072385;
1044.96;0.19650765;
1045.2;0.19077109;
1045.44;0.19338053;
1045.68;0.20302052;
1045.92;0.18868697;
1046.16;0.19204058;
1046.4;0.19556306;
1046.64;0.188462;
1046.88;0.19088722;
1047.12;0.20408165;
1047.36;0.19686853;
1047.6;0.1880015;
1047.84;0.18621091;
1048.08;0.17913816;
1048.32;0.18716019;
1048.56;0.18892769;
1048.8;0.19595096;
1049.04;0.20018963;
1049.28;0.19465463;
1049.52;0.21403832;
1049.76;0.21847539;
1050;0.18980083;
1050.24;0.18182979;
1050.48;0.20607186;
1050.72;0.20578496;
1050.96;0.1861628;
1051.2;0.20632048;
1051.44;0.21443393;
1051.68;0.20141468;
1051.92;0.21840435;
1052.16;0.21152384;
1052.4;0.18552429;
1052.64;0.1882241;
1052.88;0.19359669;
1053.12;0.19572425;
1053.36;0.21345053;
1053.6;0.19457188;
1053.84;0.18097411;
1054.08;0.18439846;
1054.32;0.20928761;
1054.56;0.2248189;
1054.8;0.21272292;
1055.04;0.21664214;
1055.28;0.21369166;
1055.52;0.21175868;
1055.76;0.21584462;
1056;0.21802536;
1056.24;0.22849895;
1056.48;0.23724743;
1056.72;0.20483198;
1056.96;0.18465693;
1057.2;0.18240141;
1057.44;0.18900774;
1057.68;0.19678272;
1057.92;0.19093952;
1058.16;0.19960929;
1058.4;0.21074657;
1058.64;0.21095663;
1058.88;0.21004153;
1059.12;0.2049269;
1059.36;0.19375905;
1059.6;0.21149981;
1059.84;0.22263748;
1060.08;0.20585923;
1060.32;0.21431121;
1060.56;0.20668874;
1060.8;0.18081975;
1061.04;0.17440351;
1061.28;0.16877221;
1061.52;0.17118858;
1061.76;0.20002021;
1062;0.21088529;
1062.24;0.19128272;
1062.48;0.19723621;
1062.72;0.20006309;
1062.96;0.21322525;
1063.2;0.20335139;
1063.44;0.2039689;
1063.68;0.21277945;
1063.92;0.19608399;
1064.16;0.17775285;
1064.4;0.18350341;
1064.64;0.20895523;
1064.88;0.21075846;
1065.12;0.20027382;
1065.36;0.19967268;
1065.6;0.20668271;
1065.84;0.21188461;
1066.08;0.1870217;
1066.32;0.19508514;
1066.56;0.21775476;
1066.8;0.2153058;
1067.04;0.18498371;
1067.28;0.17068439;
1067.52;0.17499068;
1067.76;0.24347149;
1068;0.2060796;
1068.24;0.1965103;
1068.48;0.22455025;
1068.72;0.1896554;
1068.96;0.19251026;
1069.2;0.18832613;
1069.44;0.19433262;
1069.68;0.17454602;
1069.92;0.18822932;
1070.16;0.21705034;
1070.4;0.20181973;
1070.64;0.22851538;
1070.88;0.2083097;
1071.12;0.19732263;
1071.36;0.2141412;
1071.6;0.22206222;
1071.84;0.22376264;
1072.08;0.23494077;
1072.32;0.21642697;
1072.56;0.21996433;
1072.8;0.19356072;
1073.04;0.21537019;
1073.28;0.20892806;
1073.52;0.19899651;
1073.76;0.2033909;
1074;0.20043137;
1074.24;0.19333231;
1074.48;0.20766576;
1074.72;0.1931059;
1074.96;0.18790229;
1075.2;0.17952378;
1075.44;0.18868973;
1075.68;0.20665659;
1075.92;0.20685667;
1076.16;0.22980985;
1076.4;0.20639863;
1076.64;0.2080028;
1076.88;0.23103176;
1077.12;0.23403396;
1077.36;0.21184251;
1077.6;0.2100413;
1077.84;0.19849398;
1078.08;0.26235504;
1078.32;0.24174197;
1078.56;0.26706272;
1078.8;0.24074121;
1079.04;0.19650258;
1079.28;0.20812285;
1079.52;0.26651033;
1079.76;0.20574409;
1080;0.19753238;
1080.24;0.22167318;
1080.48;0.2372109;
1080.72;0.22967698;
1080.96;0.16601125;
1081.2;0.18351765;
1081.44;0.21037189;
1081.68;0.23169084;
1081.92;0.26587691;
1082.16;0.18521109;
1082.4;0.22555724;
1082.64;0.3256275;
1082.88;0.23160693;
1083.12;0.14464015;
1083.36;0.16019375;
1083.6;0.23611671;
1083.84;0.19748957;
1084.08;0.25669173;
1084.32;0.24794769;
1084.56;0.25989521;
1084.8;0.25040129;
1085.04;0.24696481;
1085.28;0.23458381;
1085.52;0.20801033;
1085.76;0.20690198;
1086;0.17884972;
1086.24;0.1861747;
1086.48;0.18621376;
1086.72;0.19093414;
1086.96;0.17200038;
1087.2;0.18171895;
1087.44;0.25755666;
1087.68;0.21294386;
1087.92;0.15222572;
1088.16;0.16539592;
1088.4;0.18027841;
1088.64;0.15494216;
1088.88;0.14834139;
1089.12;0.16003708;
1089.36;0.19568532;
1089.6;0.19042764;
1089.84;0.18939026;
1090.08;0.22284672;
1090.32;0.20668897;
1090.56;0.11874026;
1090.8;0.13595217;
1091.04;0.18854936;
1091.28;0.20846613;
1091.52;0.20854508;
1091.76;0.21524492;
1092;0.23687345;
1092.24;0.229987;
1092.48;0.19863474;
1092.72;0.20035064;
1092.96;0.17959214;
1093.2;0.18524121;
1093.44;0.22682475;
1093.68;0.27032142;
1093.92;0.30254429;
1094.16;0.21689294;
1094.4;0.22979629;
1094.64;0.27459739;
1094.88;0.20468295;
1095.12;0.18293311;
1095.36;0.16545828;
1095.6;0.14702856;
1095.84;0.21489456;
1096.08;0.21968801;
1096.32;0.18181799;
1096.56;0.03729362;
1096.8;0.12950481;
1097.04;0.2256449;
1097.28;0.17866105;
1097.52;0.18876279;
1097.76;0.23098627;
1098;0.28106912;
1098.24;0.10260025;
1098.48;0.20936586;
1098.72;0.24212233;
1098.96;0.35657102;
1099.2;0.27439187;
1099.44;0.068443778;
1099.68;0.222982;
1099.92;0.22519852;
1100.16;0.31168023;
1100.4;3.15E-10;
1100.64;1.89E-10;
1100.88;1.13E-10;
1101.12;1.44E-10;
1101.36;1.66E-10;
1101.6;3.04E-10;
1101.84;1.50E-10;
1102.08;2.48E-10;
1102.32;1.85E-10;
1102.56;1.74E-10;
1102.8;5.23E-11;
1103.04;9.70E-11;
1103.28;2.25E-10;
1103.52;2.02E-10;
1103.76;1.75E-10;
1104;5.16E-11;
1104.24;1.23E-10;
1104.48;1.93E-10;
1104.72;1.50E-10;
1104.96;8.06E-11;
1105.2;8.50E-11;
1105.44;8.99E-11;
1105.68;1.64E-10;
1105.92;1.28E-10;
1106.16;9.62E-11;
1106.4;8.82E-11;
1106.64;1.84E-10;
1106.88;2.13E-10;
1107.12;2.08E-10;
1107.36;2.49E-10;
1107.6;1.33E-10;
1107.84;5.04E-11;
1108.08;1.39E-10;
1108.32;7.81E-11;
1108.56;4.84E-11;
1108.8;4.28E-11;
1109.04;3.55E-11;
1109.28;7.15E-11;
1109.52;9.25E-11;
1109.76;5.23E-11;
1110;-1.32E-11;
1110.24;1.94E-12;
1110.48;1.20E-10;
1110.72;1.17E-10;
1110.96;3.50E-11;
1111.2;7.39E-11;
1111.44;1.60E-10;
1111.68;9.78E-11;
1111.92;8.92E-11;
1112.16;1.20E-10;
1112.4;9.64E-11;
1112.64;6.95E-11;
1112.88;8.91E-11;
1113.12;1.34E-10;
1113.36;2.24E-10;
1113.6;1.48E-10;
1113.84;4.00E-11;
1114.08;-3.57E-13;
1114.32;8.20E-11;
1114.56;6.65E-11;
1114.8;2.21E-11;
1115.04;-1.64E-11;
1115.28;4.77E-11;
1115.52;1.18E-10;
1115.76;-7.33E-11;
1116;-3.65E-11;
1116.24;3.58E-11;
1116.48;1.21E-10;
1116.72;3.96E-11;
1116.96;4.85E-11;
1117.2;-1.60E-11;
1117.44;-1.07E-10;
1117.68;2.17E-11;
1117.92;3.29E-11;
1118.16;-2.67E-11;
1118.4;-1.38E-11;
1118.64;-1.34E-10;
1118.88;-2.29E-11;
1119.12;9.46E-11;
1119.36;2.12E-10;
1119.6;3.30E-10;
1119.84;4.47E-10;
1120.08;5.65E-10;
1120.32;6.82E-10;
1120.56;8.00E-10;
