Range_wl_min;Range_wl_max;Range_center;SS_cal (WL_true = Wl_obs+SS_cal);FWHM_cal;Cost Function (@SS_cal and FWHM_cal);Minimization Status;Method;Measurement Type;Measurement Units;Nominal FWHM;Spectral Shift Limit (+/- limit);Fwhm Limit (*/ limit);N° of channels;Range Widening;Smoothing filter HW;Measured file;MODTRAN file;Target reflectance file;Messages;
nm;nm;nm;nm;nm;-;;;;;nm;nm;-;;;;;;;;
372;406;389.00000; --- ; --- ; --- ;-4.00000;Correlation;Reflected Radiance;Physical Units;3.5000000;2.00000;3.00000;35;10;---;D:\documenti_lorenzo\IDL_WORKSPACES\WORKSPACE_SPECCAL\SpecCal\EXAMPLE_INPUT_DATA\HH_Radiance.csv;D:\documenti_lorenzo\IDL_WORKSPACES\WORKSPACE_SPECCAL\SpecCal\MODTRAN_FILES\SpecCal_modtran4sim350-1000.csv;D:\documenti_lorenzo\IDL_WORKSPACES\WORKSPACE_SPECCAL\SpecCal\TARGET_REFLECTANCES\Optopolymer_50-50.csv;Explore Shift Function:The number of function evaluations was 16 and was set to 100.;TNMIN Function:  Minimum error FWHM found at one of the edges of the amditted shift interval. Convergence not reached;
400;420;410.00000; --- ; --- ; --- ;-3.00000;Correlation;Reflected Radiance;Physical Units;3.5000000;2.00000;3.00000;21;10;---;D:\documenti_lorenzo\IDL_WORKSPACES\WORKSPACE_SPECCAL\SpecCal\EXAMPLE_INPUT_DATA\HH_Radiance.csv;D:\documenti_lorenzo\IDL_WORKSPACES\WORKSPACE_SPECCAL\SpecCal\MODTRAN_FILES\SpecCal_modtran4sim350-1000.csv;D:\documenti_lorenzo\IDL_WORKSPACES\WORKSPACE_SPECCAL\SpecCal\TARGET_REFLECTANCES\Optopolymer_50-50.csv;Explore Shift Function:The number of function evaluations was 16 and was set to 100.;TNMIN Function: Minimum error SS found at one of the edges of the amditted shift interval. Convergence not reached;
420;448;434.00000; --- ; --- ; --- ;-4.00000;Correlation;Reflected Radiance;Physical Units;3.5000000;2.00000;3.00000;29;10;---;D:\documenti_lorenzo\IDL_WORKSPACES\WORKSPACE_SPECCAL\SpecCal\EXAMPLE_INPUT_DATA\HH_Radiance.csv;D:\documenti_lorenzo\IDL_WORKSPACES\WORKSPACE_SPECCAL\SpecCal\MODTRAN_FILES\SpecCal_modtran4sim350-1000.csv;D:\documenti_lorenzo\IDL_WORKSPACES\WORKSPACE_SPECCAL\SpecCal\TARGET_REFLECTANCES\Optopolymer_50-50.csv;Explore Shift Function:The number of function evaluations was 16 and was set to 100.;TNMIN Function:  Minimum error FWHM found at one of the edges of the amditted shift interval. Convergence not reached;
476;505;490.50000;-0.70068783;4.2582910;0.92908749;1.00000;Correlation;Reflected Radiance;Physical Units;3.5000000;2.00000;3.00000;30;10;---;D:\documenti_lorenzo\IDL_WORKSPACES\WORKSPACE_SPECCAL\SpecCal\EXAMPLE_INPUT_DATA\HH_Radiance.csv;D:\documenti_lorenzo\IDL_WORKSPACES\WORKSPACE_SPECCAL\SpecCal\MODTRAN_FILES\SpecCal_modtran4sim350-1000.csv;D:\documenti_lorenzo\IDL_WORKSPACES\WORKSPACE_SPECCAL\SpecCal\TARGET_REFLECTANCES\Optopolymer_50-50.csv;Explore Shift Function:The number of function evaluations was 16 and was set to 100.;
506;528;517.00000;0.38942217;6.1664439;0.91378304;1.00000;Correlation;Reflected Radiance;Physical Units;3.5000000;2.00000;3.00000;23;10;---;D:\documenti_lorenzo\IDL_WORKSPACES\WORKSPACE_SPECCAL\SpecCal\EXAMPLE_INPUT_DATA\HH_Radiance.csv;D:\documenti_lorenzo\IDL_WORKSPACES\WORKSPACE_SPECCAL\SpecCal\MODTRAN_FILES\SpecCal_modtran4sim350-1000.csv;D:\documenti_lorenzo\IDL_WORKSPACES\WORKSPACE_SPECCAL\SpecCal\TARGET_REFLECTANCES\Optopolymer_50-50.csv;Explore Shift Function:The number of function evaluations was 16 and was set to 100.;
579;599;589.00000;-0.69191826;5.2602243;0.97626778;1.00000;Correlation;Reflected Radiance;Physical Units;3.5000000;2.00000;3.00000;21;10;---;D:\documenti_lorenzo\IDL_WORKSPACES\WORKSPACE_SPECCAL\SpecCal\EXAMPLE_INPUT_DATA\HH_Radiance.csv;D:\documenti_lorenzo\IDL_WORKSPACES\WORKSPACE_SPECCAL\SpecCal\MODTRAN_FILES\SpecCal_modtran4sim350-1000.csv;D:\documenti_lorenzo\IDL_WORKSPACES\WORKSPACE_SPECCAL\SpecCal\TARGET_REFLECTANCES\Optopolymer_50-50.csv;Explore Shift Function:The number of function evaluations was 16 and was set to 100.;
646;666;656.00000;0.38422885;3.0117747;0.82237628;1.00000;Correlation;Reflected Radiance;Physical Units;3.5000000;2.00000;3.00000;21;10;---;D:\documenti_lorenzo\IDL_WORKSPACES\WORKSPACE_SPECCAL\SpecCal\EXAMPLE_INPUT_DATA\HH_Radiance.csv;D:\documenti_lorenzo\IDL_WORKSPACES\WORKSPACE_SPECCAL\SpecCal\MODTRAN_FILES\SpecCal_modtran4sim350-1000.csv;D:\documenti_lorenzo\IDL_WORKSPACES\WORKSPACE_SPECCAL\SpecCal\TARGET_REFLECTANCES\Optopolymer_50-50.csv;Explore Shift Function:The number of function evaluations was 16 and was set to 100.;
676;698;687.00000;1.0966035;4.1060107;0.99826572;1.00000;Correlation;Reflected Radiance;Physical Units;3.5000000;2.00000;3.00000;23;10;---;D:\documenti_lorenzo\IDL_WORKSPACES\WORKSPACE_SPECCAL\SpecCal\EXAMPLE_INPUT_DATA\HH_Radiance.csv;D:\documenti_lorenzo\IDL_WORKSPACES\WORKSPACE_SPECCAL\SpecCal\MODTRAN_FILES\SpecCal_modtran4sim350-1000.csv;D:\documenti_lorenzo\IDL_WORKSPACES\WORKSPACE_SPECCAL\SpecCal\TARGET_REFLECTANCES\Optopolymer_50-50.csv;Explore Shift Function:The number of function evaluations was 16 and was set to 100.;
706;744;725.00000;1.1871548;3.8961723;0.99861427;1.00000;Correlation;Reflected Radiance;Physical Units;3.5000000;2.00000;3.00000;39;10;---;D:\documenti_lorenzo\IDL_WORKSPACES\WORKSPACE_SPECCAL\SpecCal\EXAMPLE_INPUT_DATA\HH_Radiance.csv;D:\documenti_lorenzo\IDL_WORKSPACES\WORKSPACE_SPECCAL\SpecCal\MODTRAN_FILES\SpecCal_modtran4sim350-1000.csv;D:\documenti_lorenzo\IDL_WORKSPACES\WORKSPACE_SPECCAL\SpecCal\TARGET_REFLECTANCES\Optopolymer_50-50.csv;Explore Shift Function:The number of function evaluations was 16 and was set to 100.;
749;780;764.50000;1.3219035;3.5709678;0.99939100;1.00000;Correlation;Reflected Radiance;Physical Units;3.5000000;2.00000;3.00000;32;10;---;D:\documenti_lorenzo\IDL_WORKSPACES\WORKSPACE_SPECCAL\SpecCal\EXAMPLE_INPUT_DATA\HH_Radiance.csv;D:\documenti_lorenzo\IDL_WORKSPACES\WORKSPACE_SPECCAL\SpecCal\MODTRAN_FILES\SpecCal_modtran4sim350-1000.csv;D:\documenti_lorenzo\IDL_WORKSPACES\WORKSPACE_SPECCAL\SpecCal\TARGET_REFLECTANCES\Optopolymer_50-50.csv;Explore Shift Function:The number of function evaluations was 16 and was set to 100.;
799;850;824.50000;1.3229554;3.7036355;0.99843936;1.00000;Correlation;Reflected Radiance;Physical Units;3.5000000;2.00000;3.00000;52;10;---;D:\documenti_lorenzo\IDL_WORKSPACES\WORKSPACE_SPECCAL\SpecCal\EXAMPLE_INPUT_DATA\HH_Radiance.csv;D:\documenti_lorenzo\IDL_WORKSPACES\WORKSPACE_SPECCAL\SpecCal\MODTRAN_FILES\SpecCal_modtran4sim350-1000.csv;D:\documenti_lorenzo\IDL_WORKSPACES\WORKSPACE_SPECCAL\SpecCal\TARGET_REFLECTANCES\Optopolymer_50-50.csv;Explore Shift Function:The number of function evaluations was 16 and was set to 100.;
839;876;857.50000;1.0719539;4.9245423;0.99384888;1.00000;Correlation;Reflected Radiance;Physical Units;3.5000000;2.00000;3.00000;38;10;---;D:\documenti_lorenzo\IDL_WORKSPACES\WORKSPACE_SPECCAL\SpecCal\EXAMPLE_INPUT_DATA\HH_Radiance.csv;D:\documenti_lorenzo\IDL_WORKSPACES\WORKSPACE_SPECCAL\SpecCal\MODTRAN_FILES\SpecCal_modtran4sim350-1000.csv;D:\documenti_lorenzo\IDL_WORKSPACES\WORKSPACE_SPECCAL\SpecCal\TARGET_REFLECTANCES\Optopolymer_50-50.csv;Explore Shift Function:The number of function evaluations was 16 and was set to 100.;
915;989;952.00000;-0.10156448;7.6037666;0.99798557;1.00000;Correlation;Reflected Radiance;Physical Units;3.5000000;2.00000;3.00000;75;10;---;D:\documenti_lorenzo\IDL_WORKSPACES\WORKSPACE_SPECCAL\SpecCal\EXAMPLE_INPUT_DATA\HH_Radiance.csv;D:\documenti_lorenzo\IDL_WORKSPACES\WORKSPACE_SPECCAL\SpecCal\MODTRAN_FILES\SpecCal_modtran4sim350-1000.csv;D:\documenti_lorenzo\IDL_WORKSPACES\WORKSPACE_SPECCAL\SpecCal\TARGET_REFLECTANCES\Optopolymer_50-50.csv;Explore Shift Function:The number of function evaluations was 16 and was set to 100.;
350;1000;675.00000;0.11837670;5.7775662;0.97719479;1.00000;Correlation;Reflected Radiance;Physical Units;3.5000000;2.00000;3.00000;651;10;---;D:\documenti_lorenzo\IDL_WORKSPACES\WORKSPACE_SPECCAL\SpecCal\EXAMPLE_INPUT_DATA\HH_Radiance.csv;D:\documenti_lorenzo\IDL_WORKSPACES\WORKSPACE_SPECCAL\SpecCal\MODTRAN_FILES\SpecCal_modtran4sim350-1000.csv;D:\documenti_lorenzo\IDL_WORKSPACES\WORKSPACE_SPECCAL\SpecCal\TARGET_REFLECTANCES\Optopolymer_50-50.csv;Explore Shift Function:The number of function evaluations was 16 and was set to 100.;
