Range_wl_min;Range_wl_max;Range_center;SS_cal (WL_true = Wl_obs+SS_cal);FWHM_cal;Cost Function (@SS_cal and FWHM_cal);Minimization Status;Method;Measurement Type;Measurement Units;Nominal FWHM;Spectral Shift Limit (+/- limit);Fwhm Limit (*/ limit);N° of channels;Range Widening;Smoothing filter HW;Measured file;MODTRAN file;Target reflectance file;Messages;
nm;nm;nm;nm;nm;-;;;;;nm;nm;-;;;;;;;;
372;406;389.00000;-1.9390631;10.036307;0.98807151;1.00000;Correlation;Reflected Radiance;Counts;3.5000000;2.00000;3.00000;35;10;---;D:\documenti_lorenzo\IDL_WORKSPACES\WORKSPACE_SPECCAL\SpecCal\EXAMPLE_INPUT_DATA\HH_Counts.csv;D:\documenti_lorenzo\IDL_WORKSPACES\WORKSPACE_SPECCAL\SpecCal\MODTRAN_FILES\SpecCal_modtran4sim350-1000.csv;D:\documenti_lorenzo\IDL_WORKSPACES\WORKSPACE_SPECCAL\SpecCal\TARGET_REFLECTANCES\Optopolymer_50-50.csv;Explore Shift Function:The number of function evaluations was 16 and was set to 100.;
400;420;410.00000;-1.5228205;8.5149372;0.99966029;1.00000;Correlation;Reflected Radiance;Counts;3.5000000;2.00000;3.00000;21;10;---;D:\documenti_lorenzo\IDL_WORKSPACES\WORKSPACE_SPECCAL\SpecCal\EXAMPLE_INPUT_DATA\HH_Counts.csv;D:\documenti_lorenzo\IDL_WORKSPACES\WORKSPACE_SPECCAL\SpecCal\MODTRAN_FILES\SpecCal_modtran4sim350-1000.csv;D:\documenti_lorenzo\IDL_WORKSPACES\WORKSPACE_SPECCAL\SpecCal\TARGET_REFLECTANCES\Optopolymer_50-50.csv;Explore Shift Function:The number of function evaluations was 16 and was set to 100.;
420;448;434.00000;-0.45596639;10.269058;0.99979812;1.00000;Correlation;Reflected Radiance;Counts;3.5000000;2.00000;3.00000;29;10;---;D:\documenti_lorenzo\IDL_WORKSPACES\WORKSPACE_SPECCAL\SpecCal\EXAMPLE_INPUT_DATA\HH_Counts.csv;D:\documenti_lorenzo\IDL_WORKSPACES\WORKSPACE_SPECCAL\SpecCal\MODTRAN_FILES\SpecCal_modtran4sim350-1000.csv;D:\documenti_lorenzo\IDL_WORKSPACES\WORKSPACE_SPECCAL\SpecCal\TARGET_REFLECTANCES\Optopolymer_50-50.csv;Explore Shift Function:The number of function evaluations was 16 and was set to 100.;
476;505;490.50000;-0.89439264;7.1935297;0.99798071;1.00000;Correlation;Reflected Radiance;Counts;3.5000000;2.00000;3.00000;30;10;---;D:\documenti_lorenzo\IDL_WORKSPACES\WORKSPACE_SPECCAL\SpecCal\EXAMPLE_INPUT_DATA\HH_Counts.csv;D:\documenti_lorenzo\IDL_WORKSPACES\WORKSPACE_SPECCAL\SpecCal\MODTRAN_FILES\SpecCal_modtran4sim350-1000.csv;D:\documenti_lorenzo\IDL_WORKSPACES\WORKSPACE_SPECCAL\SpecCal\TARGET_REFLECTANCES\Optopolymer_50-50.csv;Explore Shift Function:The number of function evaluations was 16 and was set to 100.;
506;528;517.00000;-0.097482795;6.3825265;0.99741240;1.00000;Correlation;Reflected Radiance;Counts;3.5000000;2.00000;3.00000;23;10;---;D:\documenti_lorenzo\IDL_WORKSPACES\WORKSPACE_SPECCAL\SpecCal\EXAMPLE_INPUT_DATA\HH_Counts.csv;D:\documenti_lorenzo\IDL_WORKSPACES\WORKSPACE_SPECCAL\SpecCal\MODTRAN_FILES\SpecCal_modtran4sim350-1000.csv;D:\documenti_lorenzo\IDL_WORKSPACES\WORKSPACE_SPECCAL\SpecCal\TARGET_REFLECTANCES\Optopolymer_50-50.csv;Explore Shift Function:The number of function evaluations was 16 and was set to 100.;
579;599;589.00000;-0.78424495;5.4539174;0.98910505;1.00000;Correlation;Reflected Radiance;Counts;3.5000000;2.00000;3.00000;21;10;---;D:\documenti_lorenzo\IDL_WORKSPACES\WORKSPACE_SPECCAL\SpecCal\EXAMPLE_INPUT_DATA\HH_Counts.csv;D:\documenti_lorenzo\IDL_WORKSPACES\WORKSPACE_SPECCAL\SpecCal\MODTRAN_FILES\SpecCal_modtran4sim350-1000.csv;D:\documenti_lorenzo\IDL_WORKSPACES\WORKSPACE_SPECCAL\SpecCal\TARGET_REFLECTANCES\Optopolymer_50-50.csv;Explore Shift Function:The number of function evaluations was 16 and was set to 100.;
646;666;656.00000;-0.12119699;5.2757924;0.94123630;1.00000;Correlation;Reflected Radiance;Counts;3.5000000;2.00000;3.00000;21;10;---;D:\documenti_lorenzo\IDL_WORKSPACES\WORKSPACE_SPECCAL\SpecCal\EXAMPLE_INPUT_DATA\HH_Counts.csv;D:\documenti_lorenzo\IDL_WORKSPACES\WORKSPACE_SPECCAL\SpecCal\MODTRAN_FILES\SpecCal_modtran4sim350-1000.csv;D:\documenti_lorenzo\IDL_WORKSPACES\WORKSPACE_SPECCAL\SpecCal\TARGET_REFLECTANCES\Optopolymer_50-50.csv;Explore Shift Function:The number of function evaluations was 16 and was set to 100.;
676;698;687.00000;1.1341785;4.5772357;0.99845761;1.00000;Correlation;Reflected Radiance;Counts;3.5000000;2.00000;3.00000;23;10;---;D:\documenti_lorenzo\IDL_WORKSPACES\WORKSPACE_SPECCAL\SpecCal\EXAMPLE_INPUT_DATA\HH_Counts.csv;D:\documenti_lorenzo\IDL_WORKSPACES\WORKSPACE_SPECCAL\SpecCal\MODTRAN_FILES\SpecCal_modtran4sim350-1000.csv;D:\documenti_lorenzo\IDL_WORKSPACES\WORKSPACE_SPECCAL\SpecCal\TARGET_REFLECTANCES\Optopolymer_50-50.csv;Explore Shift Function:The number of function evaluations was 16 and was set to 100.;
706;744;725.00000;0.91219475;4.1119232;0.99692515;1.00000;Correlation;Reflected Radiance;Counts;3.5000000;2.00000;3.00000;39;10;---;D:\documenti_lorenzo\IDL_WORKSPACES\WORKSPACE_SPECCAL\SpecCal\EXAMPLE_INPUT_DATA\HH_Counts.csv;D:\documenti_lorenzo\IDL_WORKSPACES\WORKSPACE_SPECCAL\SpecCal\MODTRAN_FILES\SpecCal_modtran4sim350-1000.csv;D:\documenti_lorenzo\IDL_WORKSPACES\WORKSPACE_SPECCAL\SpecCal\TARGET_REFLECTANCES\Optopolymer_50-50.csv;Explore Shift Function:The number of function evaluations was 16 and was set to 100.;
749;780;764.50000;1.2469983;3.5305882;0.99947957;1.00000;Correlation;Reflected Radiance;Counts;3.5000000;2.00000;3.00000;32;10;---;D:\documenti_lorenzo\IDL_WORKSPACES\WORKSPACE_SPECCAL\SpecCal\EXAMPLE_INPUT_DATA\HH_Counts.csv;D:\documenti_lorenzo\IDL_WORKSPACES\WORKSPACE_SPECCAL\SpecCal\MODTRAN_FILES\SpecCal_modtran4sim350-1000.csv;D:\documenti_lorenzo\IDL_WORKSPACES\WORKSPACE_SPECCAL\SpecCal\TARGET_REFLECTANCES\Optopolymer_50-50.csv;Explore Shift Function:The number of function evaluations was 16 and was set to 100.;
799;850;824.50000;1.1072843;3.8009721;0.99838871;1.00000;Correlation;Reflected Radiance;Counts;3.5000000;2.00000;3.00000;52;10;---;D:\documenti_lorenzo\IDL_WORKSPACES\WORKSPACE_SPECCAL\SpecCal\EXAMPLE_INPUT_DATA\HH_Counts.csv;D:\documenti_lorenzo\IDL_WORKSPACES\WORKSPACE_SPECCAL\SpecCal\MODTRAN_FILES\SpecCal_modtran4sim350-1000.csv;D:\documenti_lorenzo\IDL_WORKSPACES\WORKSPACE_SPECCAL\SpecCal\TARGET_REFLECTANCES\Optopolymer_50-50.csv;Explore Shift Function:The number of function evaluations was 16 and was set to 100.;
839;876;857.50000;1.0203543;4.5915471;0.99596178;1.00000;Correlation;Reflected Radiance;Counts;3.5000000;2.00000;3.00000;38;10;---;D:\documenti_lorenzo\IDL_WORKSPACES\WORKSPACE_SPECCAL\SpecCal\EXAMPLE_INPUT_DATA\HH_Counts.csv;D:\documenti_lorenzo\IDL_WORKSPACES\WORKSPACE_SPECCAL\SpecCal\MODTRAN_FILES\SpecCal_modtran4sim350-1000.csv;D:\documenti_lorenzo\IDL_WORKSPACES\WORKSPACE_SPECCAL\SpecCal\TARGET_REFLECTANCES\Optopolymer_50-50.csv;Explore Shift Function:The number of function evaluations was 16 and was set to 100.;
915;989;952.00000;0.15799298;8.6734658;0.99886834;1.00000;Correlation;Reflected Radiance;Counts;3.5000000;2.00000;3.00000;75;10;---;D:\documenti_lorenzo\IDL_WORKSPACES\WORKSPACE_SPECCAL\SpecCal\EXAMPLE_INPUT_DATA\HH_Counts.csv;D:\documenti_lorenzo\IDL_WORKSPACES\WORKSPACE_SPECCAL\SpecCal\MODTRAN_FILES\SpecCal_modtran4sim350-1000.csv;D:\documenti_lorenzo\IDL_WORKSPACES\WORKSPACE_SPECCAL\SpecCal\TARGET_REFLECTANCES\Optopolymer_50-50.csv;Explore Shift Function:The number of function evaluations was 16 and was set to 100.;
350;1000;675.00000;0.65976391;5.7953907;0.99658370;1.00000;Correlation;Reflected Radiance;Counts;3.5000000;2.00000;3.00000;651;10;---;D:\documenti_lorenzo\IDL_WORKSPACES\WORKSPACE_SPECCAL\SpecCal\EXAMPLE_INPUT_DATA\HH_Counts.csv;D:\documenti_lorenzo\IDL_WORKSPACES\WORKSPACE_SPECCAL\SpecCal\MODTRAN_FILES\SpecCal_modtran4sim350-1000.csv;D:\documenti_lorenzo\IDL_WORKSPACES\WORKSPACE_SPECCAL\SpecCal\TARGET_REFLECTANCES\Optopolymer_50-50.csv;Explore Shift Function:The number of function evaluations was 16 and was set to 100.;
